<?xml version='1.0' encoding='utf-8' standalone='yes' ?>
<map>
    <string name="lib_lumadhs_l2_pro_key">0</string>
    <string name="pref_B_hue_2_key">0</string>
    <string name="pref_double_tap_key">zoom</string>
    <string name="pref_satCCT_front_key">1.0</string>
    <string name="pref_qjpg_key">100</string>
    <string name="lib_saturation2_key">07902F1E</string>
    <string name="pref_G_hue_main_key">0</string>
    <string name="pref_max_focus_value_key">14.29</string>
    <string name="lib_lumadms_l1_key">0</string>
    <string name="lib_dehazedexpo_key_2">0</string>
    <string name="lib_dehazedexpo_key_3">0</string>
    <string name="pref_switch_to_previous_mode_command_string">71</string>
    <string name="lib_dehazedexpo_key_4">0</string>
    <string name="lib_dehazedexpo_key_5">0</string>
    <string name="lib_lumadm_l4_key">0</string>
    <string name="lib_lumadhs_l5_pro_key">0</string>
    <string name="pref_camera_hdrplus_option_available_key">1</string>
    <string name="lib_lumadmsabre_l5a_key">0</string>
    <string name="lib_lumaa_key">00F6036F</string>
    <string name="lib_lumadnewa_pro_key">0</string>
    <string name="lib_lumadlsabre_l1a_key_2">0</string>
    <string name="lib_lumadlsabre_l1a_key_3">0</string>
    <string name="lib_lumadlsabre_l1a_key_4">0</string>
    <string name="lib_lumadlsabre_l1a_key_5">0</string>
    <string name="pref_model_key_tele">0</string>
    <string name="lib_softsharpb_key">0</string>
    <string name="lib_lumadls_l5_pro_key">0</string>
    <string name="lib_skipmetadatacheck_pro_key">0</string>
    <string name="lib_lumadh_l3_key">0</string>
    <string name="lib_cg5_key_3">0</string>
    <string name="lib_sharpdrad1_key">0</string>
    <string name="lib_cg5_key_2">0</string>
    <string name="lib_contrast_1_pro_key">0</string>
    <string name="lib_sabrecontrast_key_5">0</string>
    <string name="lib_sabrecontrast_key_4">0</string>
    <string name="lib_sabrecontrast_key_3">0</string>
    <string name="lib_lumadls_l2_pro_key">0</string>
    <string name="lib_lumadmsabre_l4b_key">0</string>
    <string name="lib_sabrecontrast_key_2">0</string>
    <string name="lib_cg6_key">0</string>
    <string name="lib_cg5_key_5">0</string>
    <string name="lib_cg5_key_4">0</string>
    <string name="pref_satCCT_G_front_key">1.0</string>
    <string name="pref_satCCT_R_4_key">1.0</string>
    <string name="lib_temporalbin_key_2">0</string>
    <string name="lib_lumadh_l3_pro_key">0</string>
    <string name="lib_temporalbin_key_3">0</string>
    <string name="pref_color_key">0</string>
    <string name="lib_smoothingnew_key_2">0</string>
    <string name="lib_smoothingnew_key_3">0</string>
    <string name="lib_lutnoisefix_pro_key">0</string>
    <string name="info_board_key">sdm710</string>
    <string name="lib_smoothingnew_key_4">0</string>
    <string name="lib_smoothingnew_key_5">0</string>
    <string name="lib_lumab_key_3">0</string>
    <string name="lib_lumab_key_2">0</string>
    <string name="pref_Copmode_video_key">0</string>
    <string name="lib_spatialdenmi2_key_3">0</string>
    <string name="lib_spatialdenmi2_key_2">0</string>
    <string name="lib_lumadlsabre_l4b_pro_key">0</string>
    <string name="lib_lumadmsabre_l5_pro_key">0</string>
    <string name="lib_spatialdenmi2_key_5">0</string>
    <string name="lib_spatialdenmi2_key_4">0</string>
    <string name="lib_orgb_key_2">0</string>
    <string name="lib_orgb_key_5">0</string>
    <string name="lib_orgb_key_4">0</string>
    <string name="lib_orgb_key_3">0</string>
    <string name="lib_lumadhsabre_l3b_key_4">0</string>
    <string name="lib_zipper3_key_5">0</string>
    <string name="lib_lumadhsabre_l3b_key_3">0</string>
    <string name="lib_zipper3_key_4">0</string>
    <string name="lib_zipper3_key_3">0</string>
    <string name="lib_zipper3_key_2">0</string>
    <string name="lib_lumadhsabre_l3b_key_5">0</string>
    <string name="lib_lumadhsabre_l3b_key_2">0</string>
    <string name="lib_spatialdenmi2_pro_key">0</string>
    <string name="lib_expocor_pro_key">0</string>
    <string name="lib_lumadms_l5_key_2">0</string>
    <string name="lib_lumadms_l5_key_3">0</string>
    <string name="lib_lumadms_l5_key_4">0</string>
    <string name="lib_lumadms_l5_key_5">0</string>
    <string name="lib_lumadhsabre_l2b_pro_key">0</string>
    <string name="pref_camera_raw_output_option_available_key">0</string>
    <string name="lib_lumadmsabre_l2_pro_key">0</string>
    <string name="lib_lumadl_l1_pro_key">0</string>
    <string name="lib_sabrelnewn_l8_key">0</string>
    <string name="lib_lumadlsabre_l3b_key_4">0</string>
    <string name="lib_lumadlsabre_l3b_key_3">0</string>
    <string name="lib_lumadlsabre_l3b_key_5">0</string>
    <string name="lib_hdrrangeminus_pro_key">0</string>
    <string name="lib_lumadlsabre_l3b_key_2">0</string>
    <string name="pref_video_aspect_ratio">SIXTEEN_BY_NINE</string>
    <string name="lib_lumadl_l4_pro_key">0</string>
    <string name="pref_has_shown_longp_education">0</string>
    <string name="pref_awbrec_key">0</string>
    <string name="lib_lumadhsabre_l1a_key_3">0</string>
    <string name="lib_lumadhsabre_l1a_key_2">0</string>
    <string name="lib_sharpmini_key_5">0</string>
    <string name="lib_lumadhsabre_l1a_key_5">0</string>
    <string name="lib_raisrzftuning2_pro_key">0</string>
    <string name="lib_sharpmini_key_4">0</string>
    <string name="lib_lumadhsabre_l1a_key_4">0</string>
    <string name="lib_sharpmini_key_3">0</string>
    <string name="lib_sharpmini_key_2">0</string>
    <string name="lib_lightfix2_key">0</string>
    <string name="lib_lumadh_l2_key_3">0</string>
    <string name="lib_lumadh_l2_key_4">0</string>
    <string name="lib_lumadh_l2_key_2">0</string>
    <string name="lib_hdreffectint_key">0</string>
    <string name="pref_bitrate_option_available_key">0</string>
    <string name="lib_shadowtuning_key_5">0</string>
    <string name="lib_lumadlsabre_l4a_key_5">0</string>
    <string name="lib_shadowtuning_key_4">0</string>
    <string name="lib_sharpnessb_key">48FFE7D2</string>
    <string name="pref_mv_key_id5">0</string>
    <string name="lib_shadowtuning_key_3">0</string>
    <string name="lib_shadowtuning_key_2">0</string>
    <string name="lib_lighting_key_5">0</string>
    <string name="lib_lighting_key_4">0</string>
    <string name="lib_lumadlsabre_l4a_key_2">0</string>
    <string name="lib_lighting_key_3">0</string>
    <string name="lib_lighting_key_2">0</string>
    <string name="lib_lumadlsabre_l4a_key_3">0</string>
    <string name="lib_lumadlsabre_l4a_key_4">0</string>
    <string name="lib_lumadmsabre_l5a_pro_key">0</string>
    <string name="lib_lumadm_l2_key_3">0</string>
    <string name="lib_lumadm_l2_key_2">0</string>
    <string name="lib_shastaforce_pro_key">0</string>
    <string name="lib_lumadm_l2_key_5">0</string>
    <string name="lib_lumadm_l2_key_4">0</string>
    <string name="pref_exposure_5th_key">0</string>
    <string name="lib_lumadm_l2_key">0</string>
    <string name="lib_lumadh_l2_key_5">0</string>
    <string name="lib_spatiala_pro_key">0</string>
    <string name="lib_depth1_pro_key">0</string>
    <string name="lib_lumadlsabre_l4a_key">0</string>
    <string name="info_fingerprint_key">Realme/RMX1851/RMX1851:10/QKQ1.190918.001/1627114458:user/release-keys</string>
    <string name="lib_lumadh_l5_key">0</string>
    <string name="lib_volumeprocessing2_key_3">0</string>
    <string name="lib_volumeprocessing2_key_2">0</string>
    <string name="lib_temporalbin_key_4">0</string>
    <string name="lib_temporalbin_key_5">0</string>
    <string name="pref_mv_key_id4">0</string>
    <string name="lib_sabresharp_pro_key">0</string>
    <string name="lib_sabre2_key_2">0</string>
    <string name="lib_sabrelnewn_l5_key_4">0</string>
    <string name="lib_sabrelnewn_l4_pro_key">0</string>
    <string name="lib_sabre2_key_3">0</string>
    <string name="lib_sabrelnewn_l5_key_5">0</string>
    <string name="lib_sabre2_key_4">0</string>
    <string name="lib_sabre2_key_5">0</string>
    <string name="lib_red_key_2">0</string>
    <string name="lib_red_key_3">0</string>
    <string name="lib_red_key_4">0</string>
    <string name="lib_red_key_5">0</string>
    <string name="lib_lumadmsabre_l5a_key_2">0</string>
    <string name="lib_lumadmsabre_l5a_key_5">0</string>
    <string name="lib_sabrelnewn_l5_key_2">0</string>
    <string name="lib_lumadmsabre_l5a_key_4">0</string>
    <string name="lib_lumadmsabre_l5a_key_3">0</string>
    <string name="lib_sabrelnewn_l5_key_3">0</string>
    <string name="pref_antibanding_key">2</string>
    <string name="lib_sabrecontrastsharp_key_4">0</string>
    <string name="lib_sabrecontrastsharp_key_5">0</string>
    <string name="face_retouching_hint">1</string>
    <string name="pref_switch_to_next_mode_command_string">72</string>
    <string name="lib_spatiala_key_2">0</string>
    <string name="lib_spatiala_key_3">0</string>
    <string name="lib_exposure_darker_pro_key">0</string>
    <string name="lib_spatiala_key_4">0</string>
    <string name="CCT_WB_Offset_4_key">1.0</string>
    <string name="lib_spatiala_key_5">0</string>
    <string name="lib_sabrecontrastsharp_key_2">0</string>
    <string name="lib_sabrecontrastsharp_key_3">0</string>
    <string name="lib_cg4_pro_key">0</string>
    <string name="lib_vignettec_key">0</string>
    <string name="pref_satCCT_B_5_key">1.0</string>
    <string name="lib_denoise_key">0</string>
    <string name="pref_show_buttons_key">1</string>
    <string name="pref_update_available_chip_dismissal_times">0</string>
    <string name="lib_saturation_key_4">0</string>
    <string name="lib_saturation_key_3">0</string>
    <string name="lib_saturation_key_5">0</string>
    <string name="lib_softsharpa_pro_key">0</string>
    <string name="lib_temporala_key">0</string>
    <string name="lib_hdrrangeplus_pro_key">0</string>
    <string name="lib_lumadmsabre_l3b_pro_key">0</string>
    <string name="lib_lumadnewa_key_4">0</string>
    <string name="green_key_main">1.0</string>
    <string name="lib_lumadnewa_key_3">0</string>
    <string name="lib_lumadnewa_key_2">0</string>
    <string name="lib_noisereductao_key_5">0</string>
    <string name="lib_noisereductao_key_4">0</string>
    <string name="lib_gamma_key_2">0</string>
    <string name="lib_gamma_key_3">0</string>
    <string name="lib_gamma_key_4">0</string>
    <string name="pref_satCCT_R_2_key">1.0</string>
    <string name="lib_gamma_key_5">0</string>
    <string name="lib_lumadnewa_key_5">0</string>
    <string name="lib_lumadm_l4_pro_key">0</string>
    <string name="lib_noisereductao_key_3">0</string>
    <string name="lib_noisereductao_key_2">0</string>
    <string name="lib_saturation_key_2">0</string>
    <string name="lib_spatialdenmi2_key">0</string>
    <string name="pref_auto_ns_key">0</string>
    <string name="pref_has_checked_gouda_mode">1</string>
    <string name="CCT_WB_intensity_5_key">1.0</string>
    <string name="lib_colprocessing_key">0</string>
    <string name="lib_exposition_key">0</string>
    <string name="lib_lumadhsabre_l4_pro_key">0</string>
    <string name="lib_sharpnessnoisemodel_key">0</string>
    <string name="pref_G_hue_front_key">0</string>
    <string name="pref_ext_mic_key">0</string>
    <string name="lib_gro_key">0</string>
    <string name="lib_lumadlsabre_l5_pro_key">0</string>
    <string name="lib_cg2_key">0</string>
    <string name="pref_satCCT_4_key">1.0</string>
    <string name="lib_lumadmsabre_l4b_key_2">0</string>
    <string name="lib_lumadmsabre_l4b_key_3">0</string>
    <string name="lib_lumadmsabre_l4b_key_4">0</string>
    <string name="lib_lumadmsabre_l4b_key_5">0</string>
    <string name="lib_shotnoisefactor_pro_key">0</string>
    <string name="lib_depth2_key_5">0</string>
    <string name="lib_depth2_key_4">0</string>
    <string name="lib_depth2_key_3">0</string>
    <string name="lib_depth2_key_2">0</string>
    <string name="lib_sabrelnewn_l6_key">0</string>
    <string name="lib_saturation3_pro_key">0</string>
    <string name="lib_contrastblack_key">0</string>
    <string name="pref_color_transform_key_main">2</string>
    <string name="lib_sabrelnew_l1_key">0</string>
    <string name="lib_noisemodel_key">0</string>
    <string name="lib_coefsabrtunoise_key_4">0</string>
    <string name="lib_lumadhsabre_l3a_pro_key">0</string>
    <string name="lib_coefsabrtunoise_key_3">0</string>
    <string name="lib_coefsabrtunoise_key_5">0</string>
    <string name="lib_sharpdrad1_pro_key">0</string>
    <string name="lib_coefsabrtunoise_key_2">0</string>
    <string name="lib_sharpshastamotion_key">0</string>
    <string name="lib_lumadlsabre_l1a_pro_key">0</string>
    <string name="pref_manual_cameraid_back_5_key">5</string>
    <string name="lib_lightfix_key_4">0</string>
    <string name="lib_lightfix_key_5">0</string>
    <string name="lib_lightfix_key_2">0</string>
    <string name="pref_camera_resolution">full</string>
    <string name="lib_lightfix_key_3">0</string>
    <string name="lib_sabresharp_key_4">0</string>
    <string name="lib_sabresharp_key_5">0</string>
    <string name="lib_sabresharp_key_2">0</string>
    <string name="lib_sabresharp_key_3">0</string>
    <string name="lib_lumadhsabre_l1_pro_key">0</string>
    <string name="lib_hdrrangeplus_key_3">0</string>
    <string name="lib_hdrrangeplus_key_2">0</string>
    <string name="lib_volumeprocessing2_key_5">0</string>
    <string name="lib_volumeprocessing2_key_4">0</string>
    <string name="lib_sabrelnew_l8_pro_key">0</string>
    <string name="pref_Copmode_front_normal_key">0</string>
    <string name="pref_has_set_social_share_apps">1</string>
    <string name="pref_opmode_video_key">61444</string>
    <string name="pref_show_button_leica">0</string>
    <string name="pref_upgrade_version">23</string>
    <string name="lib_fixnoisesabre_key_2">0</string>
    <string name="lib_fixnoisesabre_key_5">0</string>
    <string name="lib_fixnoisesabre_key_4">0</string>
    <string name="lib_hdrrangeplus_key_5">0</string>
    <string name="lib_fixnoisesabre_key_3">0</string>
    <string name="lib_hdrrangeplus_key_4">0</string>
    <string name="pref_satCCT_B_3_key">1.0</string>
    <string name="lib_lumadlsabre_l3b_key">0</string>
    <string name="lib_lumadhsabre_l3b_key">0</string>
    <string name="pref_video_fps_4k_key">FPS_30</string>
    <string name="lib_resamplmethod_pro_key">0</string>
    <string name="lib_lumadhsabre_l4a_pro_key">0</string>
    <string name="lib_chromaa_key_4">0</string>
    <string name="lib_contrastblack_key_4">0</string>
    <string name="lib_sabresharp_key">0</string>
    <string name="lib_chromaa_key_5">0</string>
    <string name="lib_contrastblack_key_5">0</string>
    <string name="lib_chromaa_key_2">0</string>
    <string name="lib_chromaa_key_3">0</string>
    <string name="lib_contrastblack_key_2">0</string>
    <string name="lib_contrastblack_key_3">0</string>
    <string name="lib_lumab_pro_key">0</string>
    <string name="pref_merge_key_tele">0</string>
    <string name="pref_mf_far_key">1.52</string>
    <string name="pref_camera_single_shot_sound_key">0</string>
    <string name="lib_lumadhs_l2_key">0</string>
    <string name="lib_lumadh_l5_key_2">0</string>
    <string name="lib_lumadh_l5_key_3">0</string>
    <string name="lib_lumadh_l5_key_4">0</string>
    <string name="lib_lumadh_l5_key_5">0</string>
    <string name="pref_mv_key_tele">0</string>
    <string name="lib_lumadlsabre_l5a_pro_key">0</string>
    <string name="pref_B_hue_4_key">0</string>
    <string name="lib_saturation_key">88FFE7D2</string>
    <string name="pref_satCCT_main_key">1.0</string>
    <string name="pref_global_hue_3_key">0</string>
    <string name="user_2_text"></string>
    <string name="lib_depth2_key">04102e1e</string>
    <string name="pref_satCCT_G_5_key">1.0</string>
    <string name="lib_exposure_darker_key">0</string>
    <string name="lib_hdrmodel_key_4">0</string>
    <string name="lib_hdrmodel_key_5">0</string>
    <string name="lib_hdrmodel_key_2">0</string>
    <string name="lib_denoise_key_3">0</string>
    <string name="lib_denoise_key_2">0</string>
    <string name="lib_hdrmodel_key_3">0</string>
    <string name="lib_denoise_key_5">0</string>
    <string name="pref_awb_front_key">4</string>
    <string name="lib_denoise_key_4">0</string>
    <string name="lib_cg4_key">0</string>
    <string name="lib_lumadhsabre_l5a_key_3">0</string>
    <string name="lib_lumadhsabre_l5a_key_2">0</string>
    <string name="lib_sharpnessb_key_3">0</string>
    <string name="lib_lumadhsabre_l5a_key_5">0</string>
    <string name="lib_sharpnessb_key_2">0</string>
    <string name="lib_lumadhsabre_l5a_key_4">0</string>
    <string name="lib_sharpnessb_key_5">0</string>
    <string name="pref_set_focus_key">0</string>
    <string name="lib_sharpnessb_key_4">0</string>
    <string name="lib_exposition_pro_key">0</string>
    <string name="CCT_WB_intensity_3_key">1.0</string>
    <string name="lib_sabrelnew_l6_pro_key">0</string>
    <string name="lib_lumadlsabre_l5_key">0</string>
    <string name="red_key_front">1.0</string>
    <string name="lib_tuncolsatpar2_key_5">0</string>
    <string name="lib_fixshastamerge_key_4">0</string>
    <string name="lib_fixshastamerge_key_5">0</string>
    <string name="lib_zipper3_pro_key">0</string>
    <string name="lib_fixshastamerge_key_2">0</string>
    <string name="lib_fixshastamerge_key_3">0</string>
    <string name="lib_lumadms_l3_key">0</string>
    <string name="pref_G_hue_3_key">0</string>
    <string name="pref_volume_key_action">shutter</string>
    <string name="lib_lumadhsabre_l3_key_5">0</string>
    <string name="lib_lumadlsabre_l3b_pro_key">0</string>
    <string name="lib_lumadhsabre_l3_key_2">0</string>
    <string name="lib_lumadhsabre_l3_key_4">0</string>
    <string name="lib_lumadhsabre_l3_key_3">0</string>
    <string name="lib_hdroverlight_ldr_key">0</string>
    <string name="lib_hdreffect_key_3">0</string>
    <string name="lib_hdreffect_key_2">0</string>
    <string name="lib_hdreffect_key_5">0</string>
    <string name="lib_hdreffect_key_4">0</string>
    <string name="lib_lumab_key_5">0</string>
    <string name="lib_lumab_key_4">0</string>
    <string name="pref_manual_cameraid_back_3_key">3</string>
    <string name="lib_bettercolwiener_pro_key">0</string>
    <string name="lib_lumadhsabre_l2_key_5">0</string>
    <string name="lib_lumadhsabre_l2_key_4">0</string>
    <string name="lib_lumadhsabre_l2_key_3">0</string>
    <string name="lib_lumadhsabre_l2_key_2">0</string>
    <string name="lib_clarity_pro_key">0</string>
    <string name="lib_lumadlsabre_l5_key_5">0</string>
    <string name="lib_lumadlsabre_l5_key_4">0</string>
    <string name="lib_lumadlsabre_l5_key_3">0</string>
    <string name="lib_softcontrast_pro_key">0</string>
    <string name="lib_lumadlsabre_l5_key_2">0</string>
    <string name="green_key_front">1.0</string>
    <string name="lib_lumadmsabre_l2b_key">0</string>
    <string name="lib_smoothingnew_pro_key">0</string>
    <string name="pref_grgb_back_key">0</string>
    <string name="lib_lumadmsabre_l2a_key_3">0</string>
    <string name="lib_by_key_4">0</string>
    <string name="lib_lumadmsabre_l2a_key_2">0</string>
    <string name="lib_by_key_5">0</string>
    <string name="lib_by_key_2">0</string>
    <string name="lib_by_key_3">0</string>
    <string name="lib_appdigainset_key">0</string>
    <string name="lib_softcontrast_key_5">0</string>
    <string name="lib_softcontrast_key_4">0</string>
    <string name="lib_softcontrast_key_3">0</string>
    <string name="lib_softcontrast_key_2">0</string>
    <string name="lib_lumadmsabre_l2a_key_5">0</string>
    <string name="pref_show_button_awb">1</string>
    <string name="lib_lumadmsabre_l2a_key_4">0</string>
    <string name="lib_lumanoise_key">0</string>
    <string name="blue_key_front">1.0</string>
    <string name="lib_lumadlsabre_l3_pro_key">0</string>
    <string name="lib_by_key">0</string>
    <string name="lib_lumadmsabre_l4a_pro_key">0</string>
    <string name="lib_lumadm_l1_pro_key">0</string>
    <string name="lib_sabrelnewn_l1_pro_key">0</string>
    <string name="pref_dbl_key_wide">0</string>
    <string name="lib_spatialb_key">0</string>
    <string name="lib_sharpshastamotion_key_5">0</string>
    <string name="lib_sharpshastamotion_key_4">0</string>
    <string name="lib_exposure_darker2_key_5">0</string>
    <string name="lib_sharpshastamotion_key_3">0</string>
    <string name="lib_exposure_darker2_key_4">0</string>
    <string name="lib_sharpshastamotion_key_2">0</string>
    <string name="lib_exposure_darker2_key_3">0</string>
    <string name="lib_lumadms_l3_pro_key">0</string>
    <string name="lib_lumadms_l5_key">0</string>
    <string name="lib_exposure_darker2_key_2">0</string>
    <string name="info_brand_key">Realme</string>
    <string name="lib_tuncolsatpar2_key_4">0</string>
    <string name="lib_tuncolsatpar2_key_3">0</string>
    <string name="lib_tuncolsatpar2_key_2">0</string>
    <string name="lib_sabrburmerge2_pro_key">0</string>
    <string name="lib_noisemodelunblock_key">0</string>
    <string name="lib_sharpdrad2_key_2">0</string>
    <string name="lib_sharpdrad2_key_3">0</string>
    <string name="lib_sharpdrad2_key_4">0</string>
    <string name="lib_sharpdrad2_key_5">0</string>
    <string name="pref_satCCT_G_3_key">1.0</string>
    <string name="lib_lumadhsabre_l5_key_2">0</string>
    <string name="pref_has_checked_lens_mode">0</string>
    <string name="red_key_wide">0.82</string>
    <string name="CCT_WB_intensity_main_key">1.0</string>
    <string name="CCT_WB_intensity_front_key">1.0</string>
    <string name="lib_lumadhs_l4_key">0</string>
    <string name="pref_global_hue_5_key">0</string>
    <string name="lib_lumadlsabre_l2_key_2">0</string>
    <string name="lib_lumadlsabre_l2_key_3">0</string>
    <string name="lib_lumadlsabre_l2_key_4">0</string>
    <string name="lib_lumadlsabre_l2_key_5">0</string>
    <string name="lib_lumadhsabre_l5_key_4">0</string>
    <string name="lib_lumadhsabre_l5_key_3">0</string>
    <string name="pref_awb_id4_key">0</string>
    <string name="lib_lumadhsabre_l5_key_5">0</string>
    <string name="lib_chromaa_key">00F6036F</string>
    <string name="pref_satCCT_G_main_key">1.0</string>
    <string name="blue_key_main">0.97</string>
    <string name="lib_tuncolsatpar2_pro_key">0</string>
    <string name="lib_expocor_key_5">0</string>
    <string name="lib_hotpixelsuppres_key_2">0</string>
    <string name="lib_lumadhsabre_l2a_key_5">0</string>
    <string name="lib_hotpixelsuppres_key_3">0</string>
    <string name="lib_lumadhsabre_l2a_key_3">0</string>
    <string name="lib_lumadhsabre_l2a_key_4">0</string>
    <string name="lib_lumadhsabre_l2a_key_2">0</string>
    <string name="pref_manual_cameraid_back_1_key">0</string>
    <string name="lib_expocor_key_4">0</string>
    <string name="lib_expocor_key_3">0</string>
    <string name="pref_B_hue_front_key">0</string>
    <string name="lib_expocor_key_2">0</string>
    <string name="user_3_text"></string>
    <string name="lib_depth2_pro_key">0</string>
    <string name="pref_manual_cameraid_front_1_key">1</string>
    <string name="lib_spatialb_pro_key">0</string>
    <string name="lib_lumadm_l3_pro_key">0</string>
    <string name="lib_lumadl_l1_key_3">0</string>
    <string name="lib_lumadl_l1_key_2">0</string>
    <string name="lib_lumadl_l1_key_5">0</string>
    <string name="pref_has_checked_cheetah_mode">0</string>
    <string name="lib_lumadl_l1_key_4">0</string>
    <string name="lib_smoothing2_key_5">0</string>
    <string name="lib_smoothing2_key_3">0</string>
    <string name="lib_smoothing2_key_4">0</string>
    <string name="lib_sabrecontrastsharp_pro_key">0</string>
    <string name="pref_manual_focus_key">1</string>
    <string name="lib_smoothing2_key_2">0</string>
    <string name="lib_hotpixelsuppres_key_4">0</string>
    <string name="lib_hotpixelsuppres_key_5">0</string>
    <string name="pref_mode_vesper_level">2</string>
    <string name="lib_noisereducta2_pro_key">0</string>
    <string name="lib_zipper2_key">0</string>
    <string name="lib_lumadhsabre_l2b_key">0</string>
    <string name="lib_temporala_key_3">0</string>
    <string name="lib_temporala_key_2">0</string>
    <string name="lib_temporala_key_5">0</string>
    <string name="lib_temporala_key_4">0</string>
    <string name="lib_lumadlsabre_l1a_key">0</string>
    <string name="pref_enable_patcher_key">1</string>
    <string name="lib_resamplmethod_key">0</string>
    <string name="lib_lumadls_l3_key">0</string>
    <string name="lib_sabrenoiseart_pro_key">0</string>
    <string name="lib_lumadmsabre_l3_key">0</string>
    <string name="lib_lumadlsabre_l3_key">0</string>
    <string name="lib_lumadmsabre_l1b_key">0</string>
    <string name="lib_hdreffectint_pro_key">0</string>
    <string name="lib_lumadhsabre_l3b_pro_key">0</string>
    <string name="lib_sharpnessb_pro_key">0</string>
    <string name="lib_lumadhsabre_l2_key">0</string>
    <string name="perf_has_shown_options_bar">1</string>
    <string name="lib_sabrelnewn_l3_key">0</string>
    <string name="lib_light_key">15808052</string>
    <string name="pref_G_hue_5_key">0</string>
    <string name="pref_show_button_exp">1</string>
    <string name="lib_lumadmsabre_l2b_pro_key">0</string>
    <string name="pref_noise_model_id4_key">0</string>
    <string name="pref_satCCT_2_key">1.0</string>
    <string name="lib_green_key">0</string>
    <string name="lib_cg2_key_3">0</string>
    <string name="red_key_main">1.0</string>
    <string name="lib_cg2_key_4">0</string>
    <string name="CCT_WB_Offset_main_key">1.0</string>
    <string name="lib_cg2_key_5">0</string>
    <string name="lib_sabrelnewn_l3_pro_key">0</string>
    <string name="perf_has_run_first_education">1</string>
    <string name="lib_cg2_key_2">0</string>
    <string name="lib_lumadhs_l4_key_3">0</string>
    <string name="lib_chromab_key_5">0</string>
    <string name="lib_lumadhs_l4_key_2">0</string>
    <string name="lib_dehazedexpo_ldr_key">0</string>
    <string name="lib_lumadhs_l4_key_5">0</string>
    <string name="lib_lumadhs_l4_key_4">0</string>
    <string name="lib_chromab_key_2">0</string>
    <string name="lib_chromab_key_3">0</string>
    <string name="lib_chromab_key_4">0</string>
    <string name="lib_temporal_radius_pro_key">0</string>
    <string name="pref_bitrate_time_lapse_key">0</string>
    <string name="lib_vignettec_pro_key">0</string>
    <int name="tooltip_impression_count_for_catshark_toggle_tooltip" value="4" />
    <string name="lib_hdrplusinterface_key_2">0</string>
    <string name="lib_hdrplusinterface_key_3">0</string>
    <string name="lib_sabrelnew_l5_key">0</string>
    <string name="lib_lumadl_l4_key">0</string>
    <string name="lib_expocomp_key">0</string>
    <string name="lib_hdrplusinterface_key_4">0</string>
    <string name="lib_hdrplusinterface_key_5">0</string>
    <string name="pref_Copmode_normal_key">0</string>
    <string name="lib_softsharpa_key_2">0</string>
    <string name="lib_softsharpa_key_3">0</string>
    <string name="lib_lutnoisefix_key_5">0</string>
    <string name="lib_lutnoisefix_key_4">0</string>
    <string name="pref_manual_cameraid_front_3_key">1</string>
    <string name="lib_lutnoisefix_key_3">0</string>
    <string name="lib_spatialb_key_5">0</string>
    <string name="lib_lumadmsabre_l1_key">0</string>
    <string name="lib_sabrelnew_l3_key">0</string>
    <string name="lib_spatialb_key_3">0</string>
    <string name="lib_spatialb_key_4">0</string>
    <string name="pref_imax_audio_enabled_key">0</string>
    <string name="lib_lumadlsabre_l1_key">0</string>
    <string name="lib_softsharpa_key_4">0</string>
    <string name="lib_spatialb_key_2">0</string>
    <string name="lib_softsharpa_key_5">0</string>
    <string name="lib_user_value_4"></string>
    <string name="lib_saturation2_key_5">0</string>
    <string name="lib_saturation2_key_4">0</string>
    <string name="lib_saturation2_key_3">0</string>
    <string name="lib_user_value_1"></string>
    <string name="lib_saturation2_key_2">0</string>
    <string name="lib_user_value_2"></string>
    <string name="lib_user_value_3"></string>
    <string name="lib_sabrelnew_l3_pro_key">0</string>
    <string name="pref_noise_model_main_key">0</string>
    <string name="lib_lutnoisefix_key_2">0</string>
    <string name="lib_sharpmini_key">0</string>
    <string name="lib_lumadms_l1_pro_key">0</string>
    <string name="pref_has_checked_ornament_mode">0</string>
    <string name="lib_lumadlsabre_l2a_pro_key">0</string>
    <string name="pref_satCCT_B_front_key">1.0</string>
    <string name="pref_frames_ns_key">12</string>
    <string name="lib_contrast_3a_key">0</string>
    <string name="pref_link_first_time_chip_click_ms">0</string>
    <string name="pref_mf_near_key">14.29</string>
    <string name="lib_lumadlsabre_l4a_pro_key">0</string>
    <string name="lib_lumadls_l1_key">0</string>
    <string name="lib_lumadmsabre_l4_pro_key">0</string>
    <string name="lib_shastafactor_key_2">0</string>
    <string name="lib_shastafactor_key_3">0</string>
    <string name="lib_shastafactor_key_4">0</string>
    <string name="lib_shastafactor_key_5">0</string>
    <string name="lib_zipper1_key_2">0</string>
    <string name="lib_zipper1_key_3">0</string>
    <string name="lib_sabrburmerge1_key">0</string>
    <string name="lib_lumadl_l2_pro_key">0</string>
    <string name="pref_exposure_4th_key">0</string>
    <string name="lib_zipper1_key_4">0</string>
    <string name="lib_zipper1_key_5">0</string>
    <string name="lib_shastaforce_key_5">0</string>
    <string name="lib_shastaforce_key_4">0</string>
    <string name="lib_shastaforce_key_3">0</string>
    <string name="lib_shastaforce_key_2">0</string>
    <string name="pref_model_key_wide">0</string>
    <string name="lib_isoexpotun_key">0</string>
    <string name="lib_lumadls_l4_pro_key">0</string>
    <string name="pref_merge_key_front">0</string>
    <string name="pref_dbl_key_id5">0</string>
    <string name="pref_dbl_key_id4">0</string>
    <string name="lib_smoothness_key">0</string>
    <string name="pref_video_fps_p2018_key">FPS_AUTO</string>
    <string name="pref_global_hue_front_key">0</string>
    <string name="lib_smoothness_key_3">0</string>
    <string name="lib_smoothness_key_2">0</string>
    <string name="lib_smoothness_key_5">0</string>
    <string name="pref_camera_raw_output_key">0</string>
    <string name="lib_smoothness_key_4">0</string>
    <string name="lib_sabrecontrast_pro_key">0</string>
    <string name="lib_hardjpgquality_key">0</string>
    <string name="pref_black_level_key_wide">0</string>
    <string name="lib_raisrzftuning2_key">0</string>
    <string name="pref_stream_opmode_key">2</string>
    <string name="pref_video_fps_cm_key">FPS_30</string>
    <string name="lib_sabrelnewn_l5_key">0</string>
    <string name="lib_lumadhsabre_l2_pro_key">0</string>
    <string name="lib_lumadh_l2_pro_key">0</string>
    <string name="pref_exposure_wide_key">0</string>
    <string name="key_ff_opt_in">1</string>
    <string name="lib_cg9_pro_key">0</string>
    <string name="lib_bayernmodhal1_pro_key">0</string>
    <string name="lib_lumadl_l2_key">0</string>
    <string name="lib_softsharpb_key_2">0</string>
    <string name="pref_opmode_motion_key">0</string>
    <string name="lib_clarity_ldr_key">0</string>
    <string name="lib_lumadhs_l4_pro_key">0</string>
    <string name="lib_softsharpb_key_5">0</string>
    <string name="lib_softsharpb_key_3">0</string>
    <string name="lib_softsharpb_key_4">0</string>
    <string name="pref_camera_coach_key">1</string>
    <string name="libs_key">0</string>
    <string name="lib_sabrburmerge3_key">0</string>
    <string name="lib_sabresharp2_key">0</string>
    <string name="lib_lumadmsabre_l3a_key">0</string>
    <string name="lib_noisereductsabre_pro_key">0</string>
    <string name="lib_savmergchrden_key">0</string>
    <string name="lib_cg6_key_2">0</string>
    <string name="lib_cg6_key_4">0</string>
    <string name="pref_camera_picturesize_back_key">4000x3000</string>
    <string name="lib_cg6_key_3">0</string>
    <string name="lib_noisemodelunblock_pro_key">0</string>
    <string name="lib_cg6_key_5">0</string>
    <string name="red_key_tele">0.82</string>
    <string name="lib_tuncolsatpar2_key">0</string>
    <string name="pref_noise_model_front_key">0</string>
    <string name="pref_R_hue_2_key">0</string>
    <string name="CCT_WB_Offset_3_key">1.0</string>
    <string name="lib_resamplmethod_key_3">0</string>
    <string name="lib_resamplmethod_key_2">0</string>
    <string name="pref_R_hue_front_key">0</string>
    <string name="lib_resamplmethod_key_5">0</string>
    <string name="lib_resamplmethod_key_4">0</string>
    <string name="lib_shotnoisefactor_key_2">0</string>
    <string name="lib_shotnoisefactor_key_3">0</string>
    <string name="lib_shotnoisefactor_key_4">0</string>
    <string name="info_model_key">RMX1851</string>
    <string name="lib_shotnoisefactor_key_5">0</string>
    <string name="lib_sabrelnew_l2_pro_key">0</string>
    <string name="lib_lumadhsabre_l2b_key_2">0</string>
    <string name="lib_lumadhsabre_l2b_key_3">0</string>
    <string name="lib_lumadhsabre_l2b_key_4">0</string>
    <string name="lib_lumadhsabre_l2b_key_5">0</string>
    <string name="pref_manual_cameraid_front_5_key">1</string>
    <string name="lib_lumadhsabre_l4a_key">0</string>
    <string name="lib_spatialdenmi3_pro_key">0</string>
    <string name="lib_sabrelnewn_l2_pro_key">0</string>
    <string name="lib_hdrplusinterface_key">0</string>
    <string name="lib_light_pro_key">0</string>
    <string name="lib_lumadnewa_key">0</string>
    <string name="lib_cg4_key_5">0</string>
    <string name="lib_lumadmsabre_l3a_pro_key">0</string>
    <string name="lib_lumadls_l2_key_3">0</string>
    <string name="lib_cg4_key_2">0</string>
    <string name="lib_lumadls_l2_key_2">0</string>
    <string name="lib_cg4_key_3">0</string>
    <string name="lib_lumadls_l2_key_5">0</string>
    <string name="lib_sabre2_pro_key">0</string>
    <string name="lib_cg4_key_4">0</string>
    <string name="lib_lumadls_l2_key_4">0</string>
    <string name="lib_sabrelnew_l9_key">0</string>
    <string name="lib_fixraw16merge_key">0</string>
    <string name="lib_lumadhs_l3_key_5">0</string>
    <string name="lib_lumadhs_l3_key_2">0</string>
    <string name="lib_lumadhs_l3_key_3">0</string>
    <string name="lib_lumadhs_l3_key_4">0</string>
    <string name="lib_bayernmodhal1_key">0</string>
    <string name="lib_smoothingnew_key">0</string>
    <string name="pref_exp_option_available_key">0</string>
    <string name="lib_lumadlsabre_l3a_key_3">0</string>
    <string name="lib_lumadlsabre_l3a_key_2">0</string>
    <string name="lib_cg9_key">0</string>
    <string name="lib_cg5_pro_key">0</string>
    <string name="pref_frames_hdr_key">27</string>
    <string name="tf_af_key">8</string>
    <string name="lib_tuncolsatpar1_pro_key">0</string>
    <string name="lib_lumadlsabre_l3a_key_5">0</string>
    <string name="lib_temporalb_pro_key">0</string>
    <string name="lib_lumadm_l1_key">0</string>
    <string name="lib_lumadlsabre_l3a_key_4">0</string>
    <string name="lib_lumadls_l3_pro_key">0</string>
    <string name="pref_has_checked_measure_mode">0</string>
    <string name="pref_opmode_normal_key">0</string>
    <string name="lib_darkenlight_key">0</string>
    <string name="lib_sabrecontrast_key">0</string>
    <string name="auto_exp_key">0</string>
    <string name="lib_shastafactor_key">0</string>
    <string name="lib_volumeprocessing1_pro_key">0</string>
    <string name="pref_bitrate_slow_motion_key">0</string>
    <string name="lib_spatialdenmi1_key_2">0</string>
    <string name="lib_spatialdenmi1_key_4">0</string>
    <string name="lib_spatialdenmi1_key_3">0</string>
    <string name="lib_spatialdenmi1_key_5">0</string>
    <string name="lib_lumadhs_l5_key_2">0</string>
    <string name="lib_lumadhs_l5_key_4">0</string>
    <string name="lib_lumadhs_l5_key_3">0</string>
    <string name="lib_lumadhs_l5_key_5">0</string>
    <string name="lib_sharpdrad2_pro_key">0</string>
    <string name="lib_noisereducta2_key_5">0</string>
    <string name="lib_noisereducta2_key_4">0</string>
    <string name="lib_lumadhs_l2_key_4">0</string>
    <string name="lib_noisereducta2_key_3">0</string>
    <string name="lib_lumadhs_l2_key_5">0</string>
    <string name="lib_noisereducta2_key_2">0</string>
    <string name="lib_lumadhs_l2_key_2">0</string>
    <string name="lib_lumadhs_l2_key_3">0</string>
    <string name="lib_sabrburmerge3_pro_key">0</string>
    <string name="prefix_key">LMC_</string>
    <string name="lib_green_key_3">0</string>
    <string name="lib_green_key_2">0</string>
    <string name="lib_lumadls_l5_key">0</string>
    <string name="lib_green_key_5">0</string>
    <string name="lib_green_key_4">0</string>
    <string name="pref_noise_model_tele_key">0</string>
    <string name="lib_lumadlsabre_l1b_pro_key">0</string>
    <string name="pref_manual_camera_name_key_4">ID4</string>
    <string name="pref_manual_camera_name_key_3">0.6x</string>
    <string name="pref_manual_camera_name_key_5">ID5</string>
    <string name="lib_cg3_key_4">0</string>
    <string name="lib_lumadmsabre_l5_key">0</string>
    <string name="lib_cg3_key_5">0</string>
    <string name="lib_cg3_key_2">0</string>
    <string name="pref_manual_camera_name_key_2">2x</string>
    <string name="lib_cg3_key_3">0</string>
    <string name="lib_lumadl_l4_key_2">0</string>
    <string name="lib_lumadl_l4_key_3">0</string>
    <string name="lib_lumadl_l4_key_4">0</string>
    <string name="lib_lumadl_l4_key_5">0</string>
    <string name="lib_spatialdenmi3_key_5">0</string>
    <string name="lib_spatialdenmi3_key_3">0</string>
    <string name="lib_spatialdenmi3_key_4">0</string>
    <string name="lib_lumadls_l3_key_5">0</string>
    <string name="lib_lumadls_l3_key_4">0</string>
    <string name="lib_lightfix_key">0</string>
    <string name="lib_spatialdenmi3_key_2">0</string>
    <string name="lib_lumadls_l3_key_3">0</string>
    <string name="lib_lumadls_l3_key_2">0</string>
    <string name="lib_sabrecontrastsharp_key">0</string>
    <string name="lib_sabre2_key">0</string>
    <string name="lib_tone_ldr_key">0</string>
    <string name="lib_lumadlsabre_l2b_key">0</string>
    <string name="pref_R_hue_4_key">0</string>
    <long name="tooltip_latest_impression_timestamp_for_cuttlefish_steady_advice" value="1644555881085" />
    <string name="lib_noisereducta1_key_3">0</string>
    <string name="lib_lumadhs_l1_key_3">0</string>
    <string name="lib_lumadm_l2_pro_key">0</string>
    <string name="pref_aux_tele_key">1</string>
    <string name="lib_noisereducta1_key_2">0</string>
    <string name="lib_lumadhs_l1_key_4">0</string>
    <string name="lib_lumadls_l4_key_3">0</string>
    <string name="lib_noisereducta1_key_5">0</string>
    <string name="lib_lumadhs_l1_key_5">0</string>
    <string name="lib_lumadls_l4_key_2">0</string>
    <string name="lib_noisereducta1_key_4">0</string>
    <string name="lib_exposure_pro_key">0</string>
    <string name="lib_colprocessing_pro_key">0</string>
    <string name="lib_spatialdenmi4_key_2">0</string>
    <string name="lib_lumadls_l4_key_5">0</string>
    <string name="pref_exposure_portrait_option_available_key">+5</string>
    <string name="lib_spatialdenmi4_key_3">0</string>
    <string name="lib_lumadls_l4_key_4">0</string>
    <string name="lib_spatialdenmi4_key_4">0</string>
    <string name="lib_spatialdenmi4_key_5">0</string>
    <string name="lib_temporalb_key_4">0</string>
    <string name="lib_temporalb_key_3">0</string>
    <string name="lib_temporalb_key_2">0</string>
    <string name="pref_lib_iso_option_available_key">0969A852</string>
    <string name="lib_lumadmsabre_l3b_key_5">0</string>
    <string name="lib_lumadmsabre_l3b_key_4">0</string>
    <string name="lib_temporalb_key_5">0</string>
    <string name="lib_hdrrangeminus_key_3">0</string>
    <string name="lib_lumadmsabre_l3b_key_3">0</string>
    <string name="lib_hdrrangeminus_key_2">0</string>
    <string name="lib_lumadmsabre_l3b_key_2">0</string>
    <string name="pref_exposure_control_key">1</string>
    <string name="lib_cg10_key">0</string>
    <string name="pref_photos_gallery_key">1</string>
    <string name="lib_hdrrangeminus_key_5">0</string>
    <string name="lib_lumadhsabre_l1a_key">0</string>
    <string name="lib_hdrrangeminus_key_4">0</string>
    <string name="lib_noisemodelshot_key_3">0</string>
    <int name="tooltip_impression_count_for_cuttlefish_steady_advice" value="1" />
    <string name="lib_noisemodelshot_key_2">0</string>
    <string name="lib_lumadls_l5_key_3">0</string>
    <string name="lib_lumadls_l5_key_4">0</string>
    <string name="lib_lumadls_l5_key_5">0</string>
    <string name="lib_lumadl_l5_key_4">0</string>
    <set name="pref_list_camera_key">
        <string>0</string>
        <string>1</string>
        <string>2</string>
        <string>3</string>
    </set>
    <string name="lib_lumadl_l5_key_5">0</string>
    <string name="pref_has_checked_tiara_mode">0</string>
    <string name="lib_lumadl_l5_key_2">0</string>
    <string name="lib_lumadls_l5_key_2">0</string>
    <string name="lib_lumadl_l5_key_3">0</string>
    <string name="lib_noisemodelshot_key_5">0</string>
    <string name="lib_noisemodelshot_key_4">0</string>
    <string name="lib_fixraw16merge_key_3">0</string>
    <string name="lib_lumadmsabre_l3a_key_5">0</string>
    <string name="lib_fixraw16merge_key_4">0</string>
    <string name="lib_fixraw16merge_key_2">0</string>
    <string name="lib_noisereductsabre_key_5">0</string>
    <string name="lib_fixraw16merge_key_5">0</string>
    <string name="lib_noisereductsabre_key_2">0</string>
    <string name="lib_noisereductsabre_key_4">0</string>
    <string name="lib_noisereductsabre_key_3">0</string>
    <string name="lib_lumadmsabre_l3a_key_2">0</string>
    <string name="lib_lumadmsabre_l3a_key_3">0</string>
    <string name="lib_lumadhs_l1_key_2">0</string>
    <string name="lib_lumadmsabre_l3a_key_4">0</string>
    <string name="info_androidversion_key">10</string>
    <string name="lib_temporalbin_key">0</string>
    <string name="lib_orgb_pro_key">0</string>
    <string name="lib_cg9_key_4">0</string>
    <string name="lib_cg9_key_5">0</string>
    <string name="lib_sabrelnew_l7_key">0</string>
    <string name="fix_resolution_key_id5">0</string>
    <string name="fix_resolution_key_id4">0</string>
    <string name="pref_mv_key_wide">0</string>
    <string name="pref_B_hue_main_key">0</string>
    <string name="lib_noisereducta1_pro_key">0</string>
    <string name="lib_lumadl_l3_key_2">0</string>
    <string name="lib_lumadl_l3_key_3">0</string>
    <string name="lib_contrast_1_key_5">0</string>
    <string name="lib_contrast_1_key">B81E85EB51B8AE3F</string>
    <string name="lib_contrast_1_key_3">0</string>
    <string name="lib_sharpeningedge_key">0</string>
    <string name="lib_contrast_1_key_4">0</string>
    <string name="lib_lumadl_l3_key_4">0</string>
    <string name="lib_contrast_1_key_2">0</string>
    <string name="lib_lumadl_l3_key_5">0</string>
    <string name="lib_lightfix2_pro_key">0</string>
    <string name="lib_cg9_key_2">0</string>
    <string name="lib_gamma_key">0</string>
    <string name="lib_cg9_key_3">0</string>
    <string name="lib_sabrelnew_l7_pro_key">0</string>
    <string name="lib_bettercolwiener_key">0</string>
    <string name="lib_sabrelnewn_l7_pro_key">0</string>
    <string name="lib_softsharpa_key">0</string>
    <string name="lib_gamma_ldr_key">0</string>
    <string name="fix_resolution_key_tele">0</string>
    <string name="lib_clarity_key_5">0</string>
    <string name="lib_clarity_key_4">0</string>
    <string name="lib_clarity_key_3">0</string>
    <string name="lib_clarity_key_2">0</string>
    <string name="pref_video_resolution">RES_1080P</string>
    <string name="lib_contrast_2_key_4">0</string>
    <string name="lib_lumadl_l2_key_4">0</string>
    <string name="pref_merge_key_wide">0</string>
    <string name="lib_lumadl_l2_key_3">0</string>
    <string name="lib_contrast_2_key_5">0</string>
    <string name="lib_lumadl_l2_key_2">0</string>
    <string name="lib_volumeprocessing2_key">0</string>
    <string name="pref_camera_advice_settings">1</string>
    <string name="lib_smoothing2_key">0</string>
    <string name="lib_lumadhsabre_l4_key">0</string>
    <string name="lib_contrast_2_key_2">0</string>
    <string name="lib_sabrelnewn_l1_key">0</string>
    <string name="lib_contrast_2_key_3">0</string>
    <string name="lib_lumadl_l2_key_5">0</string>
    <string name="lib_lumadlsabre_l5a_key">0</string>
    <string name="pref_has_checked_lasagna_mode">0</string>
    <string name="lib_temporal_radius_key_5">0</string>
    <string name="lib_lumadlsabre_l3a_pro_key">0</string>
    <string name="lib_temporal_radius_key_4">0</string>
    <string name="lib_temporal_radius_key_3">0</string>
    <string name="lib_temporal_radius_key_2">0</string>
    <string name="lib_lighting_key">0</string>
    <string name="lib_lumadms_l2_pro_key">0</string>
    <string name="pref_satCCT_R_3_key">1.0</string>
    <string name="lib_whitelevel_key_2">0</string>
    <string name="lib_whitelevel_key_3">0</string>
    <string name="lib_whitelevel_key_4">0</string>
    <string name="lib_whitelevel_key_5">0</string>
    <string name="lib_red_key">0</string>
    <string name="lib_red_pro_key">0</string>
    <string name="lib_temporalb_key">0</string>
    <string name="lib_lumadlsabre_l1_key_5">0</string>
    <string name="lib_lumadlsabre_l1_key_3">0</string>
    <string name="lib_lumadlsabre_l1_key_4">0</string>
    <string name="lib_lumadlsabre_l1_key_2">0</string>
    <string name="lib_lumadmsabre_l2b_key_5">0</string>
    <string name="lib_lumadmsabre_l2b_key_3">0</string>
    <string name="lib_sharpeningedge_pro_key">0</string>
    <string name="lib_lumadmsabre_l2b_key_4">0</string>
    <string name="lib_lumadmsabre_l2b_key_2">0</string>
    <string name="lib_spatialdenmi1_key">0</string>
    <string name="lib_sabrelnewn_l9_key">0</string>
    <string name="lib_spatiala_key">0</string>
    <string name="pref_device_key_wide">0</string>
    <string name="lib_lumadms_l5_pro_key">0</string>
    <string name="lib_lumadhs_l5_key">0</string>
    <string name="lib_hdreffect_pro_key">0</string>
    <string name="lib_lumadhsabre_l1a_pro_key">0</string>
    <string name="lib_appdigainset_pro_key">0</string>
    <string name="lib_expocor_key">0</string>
    <string name="lib_lumadm_l5_key">0</string>
    <string name="lib_lumadms_l2_key">0</string>
    <string name="lib_saturation3_key">00106E1E</string>
    <string name="lib_contrastblack_ldr_key">0</string>
    <string name="pref_dbl_key_main">0</string>
    <string name="CCT_WB_intensity_2_key">1.0</string>
    <string name="pref_c2a_key">0</string>
    <string name="lib_sharpmini_pro_key">0</string>
    <string name="lib_sabrelnew_l1_key_3">0</string>
    <string name="lib_sabrelnew_l1_key_2">0</string>
    <string name="lib_hdrrangeplus_key">0</string>
    <string name="lib_sabrelnew_l1_key_5">0</string>
    <string name="lib_sabrelnew_l1_key_4">0</string>
    <string name="lib_hdreffectint_ldr_key">0</string>
    <string name="lib_softsharpc_key">0</string>
    <string name="lib_lumab_key">08FEE7D2</string>
    <string name="lib_lumadlsabre_l1_pro_key">0</string>
    <string name="pref_Copmode_key">0</string>
    <string name="lib_lumadh_l2_key">0</string>
    <string name="lib_lumadlsabre_l4_pro_key">0</string>
    <string name="lib_lumadmsabre_l4a_key">0</string>
    <string name="lib_lumadls_l1_key_2">0</string>
    <string name="lib_lumadls_l1_key_5">0</string>
    <string name="lib_lumadls_l1_key_4">0</string>
    <string name="lib_cg5_key">0</string>
    <string name="lib_lumadls_l1_key_3">0</string>
    <string name="lib_lumadhsabre_l3_pro_key">0</string>
    <string name="lib_lumadlsabre_l4b_key">0</string>
    <string name="pref_audio_zoom_key">1</string>
    <string name="pref_zoom_in_command_string">19</string>
    <string name="pref_dbl_key_front">0</string>
    <string name="pref_ois_key">1</string>
    <string name="lib_lumadhsabre_l5a_key">0</string>
    <string name="pref_camera_grid_lines_mode">0</string>
    <string name="lib_sharpeningedge_key_4">0</string>
    <string name="lib_sharpeningedge_key_3">0</string>
    <string name="lib_sharpeningedge_key_2">0</string>
    <string name="lib_sharpeningedge_key_5">0</string>
    <string name="CCT_WB_Offset_5_key">1.0</string>
    <string name="lib_sabrelnewn_l6_key_5">0</string>
    <string name="lib_hdrmodel_pro_key">0</string>
    <string name="lib_sabrelnewn_l6_key_3">0</string>
    <string name="lib_sabrelnewn_l6_key_4">0</string>
    <string name="lib_lumadm_l1_key_2">0</string>
    <string name="lib_vignette_key_5">0</string>
    <string name="lib_vignette_key_4">0</string>
    <string name="pref_manual_array_key">0,1,2,3,4,5</string>
    <string name="lib_vignette_key_3">0</string>
    <string name="lib_contrast_2_ldr_key">0</string>
    <string name="lib_coefsabrtunoise_pro_key">0</string>
    <string name="pref_camera_enable_iris">1</string>
    <string name="pref_device_key_id5">0</string>
    <string name="lib_sabrelnewn_l6_key_2">0</string>
    <string name="pref_device_key_id4">0</string>
    <string name="lib_vignette_key_2">0</string>
    <string name="lib_lumadm_l1_key_5">0</string>
    <string name="lib_lumadm_l1_key_4">0</string>
    <string name="lib_lumadm_l1_key_3">0</string>
    <string name="pref_model_key_front">0</string>
    <string name="lib_sharpmacro_pro_key">0</string>
    <string name="lib_zipper2_key_4">0</string>
    <string name="lib_zipper2_key_3">0</string>
    <string name="lib_zipper2_key_5">0</string>
    <string name="lib_sharpnessnoisemodel_key_5">0</string>
    <string name="lib_sharpnessnoisemodel_key_3">0</string>
    <string name="lib_sharpnessnoisemodel_key_4">0</string>
    <string name="lib_sharpnessnoisemodel_key_2">0</string>
    <string name="lib_exposition_key_5">0</string>
    <string name="pref_exposure_tele_key">0</string>
    <string name="lib_exposition_key_2">0</string>
    <string name="lib_exposition_key_3">0</string>
    <string name="lib_lumadm_l5_pro_key">0</string>
    <string name="lib_shastaforce_key">0</string>
    <string name="lib_exposition_key_4">0</string>
    <string name="lib_zipper2_key_2">0</string>
    <string name="lib_dehazedexpo_pro_key">0</string>
    <string name="lib_by_pro_key">0</string>
    <string name="lib_depth1_key">03902d1e</string>
    <string name="lib_spatialdenmi3_key">0</string>
    <string name="lib_sabre1_key_2">0</string>
    <string name="lib_softcontrast_key">0</string>
    <string name="lib_sabre1_key_5">0</string>
    <string name="lib_sabre1_key_3">0</string>
    <string name="lib_sabre1_key_4">0</string>
    <string name="pref_samsungfix_key">0</string>
    <string name="lib_lumadmsabre_l2a_pro_key">0</string>
    <string name="pref_B_hue_3_key">0</string>
    <string name="lib_saturation3_key_4">0</string>
    <string name="lib_sabrelnewn_l1_key_5">0</string>
    <string name="lib_sabrelnewn_l1_key_4">0</string>
    <string name="lib_saturation3_key_5">0</string>
    <string name="lib_saturation3_key_2">0</string>
    <string name="lib_sabrelnewn_l1_key_3">0</string>
    <string name="lib_sabrelnewn_l1_key_2">0</string>
    <string name="lib_saturation3_key_3">0</string>
    <string name="lib_gamma_pro_key">0</string>
    <string name="lib_lightfix3_key">0</string>
    <string name="lib_dehazedexpo_key">0</string>
    <string name="lib_contrast_3a_key_3">0</string>
    <string name="lib_contrast_3a_key_2">0</string>
    <string name="pref_Copmode_motion_key">0</string>
    <string name="lib_contrast_3a_key_5">0</string>
    <string name="lib_contrast_3a_key_4">0</string>
    <string name="lib_blurpreview_pro_key">0</string>
    <string name="lib_lighting_pro_key">0</string>
    <string name="lib_lumadmsabre_l3b_key">0</string>
    <string name="lib_lumadm_l3_key">0</string>
    <string name="lib_orgb_key">0</string>
    <string name="pref_switch_camera_command_string">47</string>
    <string name="lib_softsharpc_key_3">0</string>
    <string name="lib_softsharpc_key_2">0</string>
    <string name="lib_sharpnessa_pro_key">0</string>
    <string name="lib_softsharpc_key_5">0</string>
    <string name="lib_softsharpc_key_4">0</string>
    <string name="lib_darkenlight_key_2">0</string>
    <string name="lib_darkenlight_key_3">0</string>
    <string name="lib_darkenlight_key_4">0</string>
    <string name="lib_darkenlight_key_5">0</string>
    <string name="lib_lumadh_l1_key_5">0</string>
    <string name="lib_noisereducta1_key">0</string>
    <string name="lib_lumadh_l1_key_4">0</string>
    <string name="lib_lumadh_l1_key_3">0</string>
    <string name="lib_lumadh_l1_key_2">0</string>
    <string name="lib_sharpnessa_key">20F7036F</string>
    <string name="lib_lumadh_l4_key">0</string>
    <string name="lib_lumadhsabre_l4b_pro_key">0</string>
    <string name="lib_sabrelnew_l4_pro_key">0</string>
    <string name="CCT_WB_Offset_front_key">1.0</string>
    <string name="lib_raisrzftuning1_pro_key">0</string>
    <string name="pref_satCCT_R_main_key">1.0</string>
    <string name="pref_shutter_command_string">66</string>
    <string name="lib_sharpdrad2_key">0</string>
    <string name="lib_lumadh_l1_pro_key">0</string>
    <string name="lib_green_pro_key">0</string>
    <string name="blue_key_tele">1.0</string>
    <string name="pref_lib_iso_option_available_key_2">0</string>
    <string name="pref_lib_iso_option_available_key_3">0</string>
    <string name="pref_lib_iso_option_available_key_4">0</string>
    <string name="pref_lib_iso_option_available_key_5">0</string>
    <string name="lib_lumadmsabre_l3_pro_key">0</string>
    <string name="lib_whitelevel_pro_key">0</string>
    <string name="pref_model_key">0</string>
    <string name="pref_satCCT_B_4_key">1.0</string>
    <string name="pref_camera_back_flashmode_key">off</string>
    <string name="lib_lumadl_l3_pro_key">0</string>
    <string name="lib_lumaa_key_4">0</string>
    <string name="lib_lumaa_key_3">0</string>
    <string name="pref_color_transform_key_id5">2</string>
    <string name="lib_lumaa_key_2">0</string>
    <string name="pref_color_transform_key_id4">2</string>
    <string name="lib_sharpdrad1_key_5">0</string>
    <string name="lib_lumadh_l4_pro_key">0</string>
    <string name="lib_sharpdrad1_key_3">0</string>
    <string name="lib_sabrelnewn_l9_key_3">0</string>
    <string name="lib_sabrelnewn_l9_key_2">0</string>
    <string name="lib_sharpdrad1_key_4">0</string>
    <string name="lib_sabrelnewn_l9_key_5">0</string>
    <string name="lib_sharpdrad1_key_2">0</string>
    <string name="lib_sabrelnewn_l9_key_4">0</string>
    <string name="pref_global_hue_main_key">0</string>
    <string name="lib_lumaa_key_5">0</string>
    <string name="pref_double_tap_launch_edu_count">2</string>
    <string name="pref_aux_wide_key">1</string>
    <string name="pref_global_hue_2_key">0</string>
    <string name="pref_grgb_front_key">0</string>
    <string name="pref_exp_ns_option_available_key">0</string>
    <string name="lib_lumadm_l3_key_4">0</string>
    <string name="pref_satCCT_G_4_key">1.0</string>
    <string name="lib_lumadm_l3_key_3">0</string>
    <string name="lib_lumadm_l3_key_2">0</string>
    <string name="pref_B_hue_5_key">0</string>
    <string name="lib_lumadm_l3_key_5">0</string>
    <string name="lib_isoexpotun_pro_key">0</string>
    <string name="pref_awb_id5_key">0</string>
    <string name="lib_lumadnewb_pro_key">0</string>
    <string name="lib_isoexpotun_key_2">0</string>
    <string name="lib_isoexpotun_key_3">0</string>
    <string name="lib_lumadh_l3_key_4">0</string>
    <string name="lib_isoexpotun_key_4">0</string>
    <string name="lib_lumadh_l3_key_5">0</string>
    <string name="lib_isoexpotun_key_5">0</string>
    <string name="lib_sabresharp3_pro_key">0</string>
    <string name="lib_smoothing1_key_2">0</string>
    <string name="lib_smoothing1_key_3">0</string>
    <string name="lib_smoothing1_key_4">0</string>
    <string name="lib_smoothing1_key_5">0</string>
    <string name="lib_user_addr_1"></string>
    <string name="lib_user_addr_3"></string>
    <string name="lib_user_addr_2"></string>
    <string name="lib_sabrelnewn_l8_pro_key">0</string>
    <string name="lib_lumadhsabre_l1_key_2">0</string>
    <string name="lib_lumadhsabre_l1_key_4">0</string>
    <string name="lib_lumadhsabre_l1_key_3">0</string>
    <string name="lib_lumadhsabre_l1_key_5">0</string>
    <string name="lib_sabrelnewn_l7_key">0</string>
    <string name="pref_max_zoom_key">50</string>
    <string name="lib_noisereductsabre_key">0</string>
    <string name="lib_savmergchrden_key_2">0</string>
    <string name="lib_savmergchrden_key_3">0</string>
    <string name="lib_shadowtuning_pro_key">0</string>
    <string name="lib_user_addr_4"></string>
    <string name="blue_key_id4">1.0</string>
    <string name="blue_key_id5">1.0</string>
    <string name="lib_lumadhs_l1_key">0</string>
    <string name="pref_satCCT_3_key">1.0</string>
    <string name="lib_savmergchrden_key_4">0</string>
    <string name="lib_savmergchrden_key_5">0</string>
    <string name="lib_lumadhs_l3_pro_key">0</string>
    <string name="lib_zipper1_pro_key">0</string>
    <string name="lib_hotpixelsuppres_pro_key">0</string>
    <string name="lib_lumadlsabre_l3a_key">0</string>
    <string name="green_key_wide">1.0</string>
    <string name="lib_shadowtuning_key">0</string>
    <string name="pref_manual_cameraid_back_4_key">4</string>
    <string name="lib_hdroverlight_key">0</string>
    <string name="lib_saturation_pro_key">0</string>
    <string name="pref_black_level_key_front">0</string>
    <string name="lib_raisrzftuning1_key_5">0</string>
    <string name="lib_raisrzftuning1_key_4">0</string>
    <string name="lib_smoothing1_pro_key">0</string>
    <string name="lib_raisrzftuning1_key_3">0</string>
    <string name="lib_raisrzftuning1_key_2">0</string>
    <string name="pref_af_mode_back">0</string>
    <string name="lib_lumadmsabre_l2a_key">0</string>
    <string name="lib_appdigainset_key_4">0</string>
    <string name="pref_show_button_framecount">1</string>
    <string name="lib_appdigainset_key_5">0</string>
    <string name="lib_appdigainset_key_2">0</string>
    <string name="lib_appdigainset_key_3">0</string>
    <string name="lib_lumadhsabre_l3a_key_5">0</string>
    <string name="pref_satCCT_B_2_key">1.0</string>
    <string name="pref_satCCT_R_front_key">1.0</string>
    <string name="lib_lumadhsabre_l3a_key_4">0</string>
    <string name="lib_lumadhsabre_l3a_key_3">0</string>
    <string name="lib_lumadhsabre_l3a_key_2">0</string>
    <string name="lib_sabrelnewn_l6_pro_key">0</string>
    <string name="lib_lumadlsabre_l4_key_3">0</string>
    <string name="lib_lumadlsabre_l4_key_2">0</string>
    <string name="lib_lumadlsabre_l4_key_5">0</string>
    <string name="lib_lumadlsabre_l4_key_4">0</string>
    <string name="pref_color_transform_key_wide">2</string>
    <string name="pref_satCCT_R_5_key">1.0</string>
    <string name="green_key_id4">1.0</string>
    <string name="green_key_id5">1.0</string>
    <string name="lib_spatialdenmi4_pro_key">0</string>
    <string name="pref_release_dialog_last_shown_version"></string>
    <string name="lib_denoise_pro_key">0</string>
    <string name="pref_lib_iso_option_available_pro_key">0</string>
    <string name="pref_noise_model_id5_key">0</string>
    <string name="lib_sharpnessa_key_5">0</string>
    <string name="lib_sharpnessa_key_3">0</string>
    <string name="lib_sharpnessa_key_4">0</string>
    <string name="lib_sharpnessa_key_2">0</string>
    <string name="pref_satCCT_G_2_key">1.0</string>
    <string name="lib_lumadhs_l3_key">0</string>
    <string name="lib_blurpreview_key_3">0</string>
    <string name="lib_blurpreview_key_2">0</string>
    <string name="lib_blurpreview_key_5">0</string>
    <string name="lib_blurpreview_key_4">0</string>
    <string name="lib_hdreffect_key">0</string>
    <string name="lib_darkenlight_pro_key">0</string>
    <string name="lib_lightfix3_pro_key">0</string>
    <string name="pref_camera_hdr_plus_key">auto</string>
    <string name="pref_global_hue_4_key">0</string>
    <string name="lib_smoothingsabre_key_5">0</string>
    <string name="pref_opmode_portrait_key">0</string>
    <string name="lib_smoothingsabre_key_4">0</string>
    <string name="lib_smoothingsabre_key_3">0</string>
    <string name="lib_smoothingsabre_key_2">0</string>
    <string name="pref_manual_cameraid_back_2_key">2</string>
    <string name="pref_merge_key_id4">0</string>
    <string name="pref_merge_key_id5">0</string>
    <string name="lib_lumadhsabre_l4_key_3">0</string>
    <string name="lib_lumadmsabre_l1_pro_key">0</string>
    <string name="lib_lumadhsabre_l4_key_2">0</string>
    <string name="lib_contrastblack_pro_key">0</string>
    <string name="CCT_WB_intensity_4_key">1.0</string>
    <string name="lib_temporalbin_pro_key">0</string>
    <string name="lib_cg3_key">0</string>
    <string name="lib_lumadhsabre_l4_key_5">0</string>
    <string name="lib_lumadhsabre_l4_key_4">0</string>
    <string name="lib_volumeprocessing2_pro_key">0</string>
    <string name="lib_sabrelnew_l1_pro_key">0</string>
    <string name="lib_lumadlsabre_l2b_key_2">0</string>
    <string name="lib_lumadlsabre_l2b_key_3">0</string>
    <string name="lib_lumadlsabre_l2b_key_4">0</string>
    <string name="lib_lumadlsabre_l2b_key_5">0</string>
    <string name="lib_expocomp_key_3">0</string>
    <string name="lib_expocomp_key_2">0</string>
    <string name="lib_lumadms_l4_key">0</string>
    <string name="lib_expocomp_key_5">0</string>
    <string name="lib_expocomp_key_4">0</string>
    <string name="lib_lumadl_l5_pro_key">0</string>
    <string name="lib_fixshastamerge_key">0</string>
    <string name="lib_lumadhs_l1_pro_key">0</string>
    <string name="lib_lumadlsabre_l2a_key_2">0</string>
    <string name="lib_hardmerge_key">0</string>
    <string name="lib_exposure_key_2">0</string>
    <string name="lib_lumadlsabre_l2a_key_4">0</string>
    <string name="lib_exposure_key_3">0</string>
    <string name="lib_lumadlsabre_l2a_key_3">0</string>
    <string name="lib_exposure_key_4">0</string>
    <string name="lib_exposure_key_5">0</string>
    <string name="lib_lumadlsabre_l2a_key_5">0</string>
    <string name="perf_has_run_second_education">1</string>
    <string name="lib_lumadlsabre_l3_key_4">0</string>
    <string name="pref_Copmode_night_key">0</string>
    <string name="lib_lumadlsabre_l3_key_3">0</string>
    <string name="lib_lumadlsabre_l3_key_2">0</string>
    <string name="pref_show_button_pro">0</string>
    <string name="pref_G_hue_2_key">0</string>
    <string name="lib_noisemodelshot_key">0</string>
    <string name="lib_vignette_key">0</string>
    <string name="lib_lumadlsabre_l3_key_5">0</string>
    <string name="pref_satCCT_5_key">1.0</string>
    <string name="lib_hdroverlight_key_5">0</string>
    <string name="lib_lumadmsabre_l1a_pro_key">0</string>
    <string name="lib_lumadlsabre_l4_key">0</string>
    <string name="lib_colprocessing_key_4">0</string>
    <string name="lib_hdroverlight_key_2">0</string>
    <string name="lib_colprocessing_key_5">0</string>
    <string name="lib_colprocessing_key_2">0</string>
    <string name="lib_hdroverlight_key_3">0</string>
    <string name="lib_colprocessing_key_3">0</string>
    <string name="lib_hdroverlight_key_4">0</string>
    <string name="pref_camera_dirty_lens_history_key0"></string>
    <string name="pref_awb_wide_key">4</string>
    <string name="pref_camera_dirty_lens_history_key1"></string>
    <string name="lib_hdrplusinterface_pro_key">0</string>
    <string name="lib_tuncolsatpar1_key_3">0</string>
    <string name="lib_tuncolsatpar1_key_2">0</string>
    <string name="lib_tuncolsatpar1_key_5">0</string>
    <string name="lib_tuncolsatpar1_key_4">0</string>
    <string name="lib_contrast_3a_pro_key">0</string>
    <string name="lib_lumadm_l4_key_3">0</string>
    <string name="lib_lumadhsabre_l3_key">0</string>
    <string name="lib_lumadm_l4_key_2">0</string>
    <string name="lib_cg6_pro_key">0</string>
    <string name="lib_lumadm_l4_key_5">0</string>
    <string name="lib_lumadm_l4_key_4">0</string>
    <string name="lib_temporala_pro_key">0</string>
    <string name="pref_last_installed_version_code">64764891</string>
    <string name="pref_awb_main_key">4</string>
    <string name="lib_sabrelnew_l8_key_5">0</string>
    <string name="lib_noisemodelunblock_key_3">0</string>
    <string name="pref_show_button_af">1</string>
    <string name="lib_noisemodelunblock_key_2">0</string>
    <string name="pref_noise_model_wide_key">0</string>
    <string name="lib_lumadh_l4_key_5">0</string>
    <string name="lib_lumadh_l4_key_3">0</string>
    <string name="lib_lumadh_l4_key_4">0</string>
    <string name="lib_sabrelnew_l8_key_4">0</string>
    <string name="lib_sabrelnew_l8_key_3">0</string>
    <string name="lib_sabrelnew_l8_key_2">0</string>
    <string name="pref_G_hue_4_key">0</string>
    <string name="pref_Copmode_portrait_key">0</string>
    <string name="lib_noisereductao_key">0</string>
    <string name="fix_resolution_key_wide">0</string>
    <string name="lib_shastafactor_pro_key">0</string>
    <string name="lib_lumadlsabre_l5a_key_3">0</string>
    <string name="lib_lumadlsabre_l5a_key_2">0</string>
    <string name="lib_lumadlsabre_l5a_key_5">0</string>
    <string name="lib_lumadlsabre_l5a_key_4">0</string>
    <string name="lib_hdrrangeplus_ldr_key">0</string>
    <string name="lib_lumadh_l4_key_2">0</string>
    <string name="lib_sabre1_pro_key">0</string>
    <string name="lib_temporal_radius_key">0</string>
    <string name="lib_lumadl_l3_key">0</string>
    <string name="lib_sabrelnew_l4_key">0</string>
    <string name="lib_noisemodelunblock_key_5">0</string>
    <string name="lib_noisemodelunblock_key_4">0</string>
    <string name="lib_softsharpb_pro_key">0</string>
    <string name="lib_sabrelnew_l3_key_2">0</string>
    <string name="lib_sabrelnew_l3_key_3">0</string>
    <string name="lib_sabrelnewn_l2_key">0</string>
    <string name="lib_sabrelnew_l3_key_4">0</string>
    <string name="pref_camera_selfie_mirror_key">1</string>
    <string name="lib_sabrelnew_l3_key_5">0</string>
    <string name="lib_cg3_pro_key">0</string>
    <string name="pref_p3_key">1</string>
    <string name="lib_noisemodel_pro_key">0</string>
    <string name="pref_satCCT_B_main_key">1.0</string>
    <string name="lib_whitelevel_key">0</string>
    <string name="lib_lumadlsabre_l2_key">0</string>
    <string name="pref_manual_camera_name_key_main">1x</string>
    <string name="lib_light_key_4">0</string>
    <string name="lib_light_key_3">0</string>
    <string name="lib_clarity_key">0</string>
    <string name="lib_light_key_5">0</string>
    <string name="pref_show_button_ldr">0</string>
    <string name="lib_sabrelnewn_l8_key_3">0</string>
    <string name="lib_depth1_key_4">0</string>
    <string name="lib_lumadmsabre_l1a_key_2">0</string>
    <string name="lib_depth1_key_3">0</string>
    <string name="lib_sabrelnewn_l8_key_4">0</string>
    <string name="lib_light_key_2">0</string>
    <string name="lib_sabrelnewn_l8_key_2">0</string>
    <string name="lib_depth1_key_5">0</string>
    <string name="lib_lumadmsabre_l4_key">0</string>
    <string name="lib_depth1_key_2">0</string>
    <string name="lib_sabrelnewn_l8_key_5">0</string>
    <string name="lib_lumadmsabre_l4a_key_4">0</string>
    <string name="lib_lumadmsabre_l1a_key_5">0</string>
    <string name="lib_lumadmsabre_l4a_key_5">0</string>
    <string name="pref_manual_cameraid_front_2_key">1</string>
    <string name="lib_lumadmsabre_l4a_key_2">0</string>
    <string name="lib_lumadmsabre_l1a_key_3">0</string>
    <string name="pref_exposure_ns_option_available_key">-10</string>
    <string name="lib_lumadmsabre_l4a_key_3">0</string>
    <string name="lib_lumadmsabre_l1a_key_4">0</string>
    <string name="lib_lutnoisefix_key">0</string>
    <string name="lib_gro_pro_key">0</string>
    <string name="pref_mode_vesperad_option">0</string>
    <string name="lib_lightfix3_key_5">0</string>
    <string name="lib_fixnoisesabre_key">0</string>
    <string name="lib_sharpshastamotion_pro_key">0</string>
    <string name="lib_lightfix_pro_key">0</string>
    <string name="lib_lightfix3_key_4">0</string>
    <string name="lib_lightfix3_key_3">0</string>
    <string name="lib_lightfix3_key_2">0</string>
    <string name="lib_lumadms_l2_key_5">0</string>
    <string name="lib_lumadms_l2_key_3">0</string>
    <string name="lib_lumadms_l2_key_4">0</string>
    <string name="lib_lumadms_l2_key_2">0</string>
    <string name="pref_exposure_option_available_key">+5</string>
    <string name="lib_hardmerge_pro_key">0</string>
    <string name="lib_lumadhsabre_l2a_key">0</string>
    <string name="lib_lumadlsabre_l2a_key">0</string>
    <string name="lib_zipper1_key">0</string>
    <string name="lib_raisrzftuning2_key_5">0</string>
    <string name="lib_sharpnessnoisemodel_pro_key">0</string>
    <string name="fix_resolution_key">0</string>
    <string name="pref_merge_key_main">0</string>
    <string name="lib_raisrzftuning2_key_2">0</string>
    <string name="info_device_key">RMX1851</string>
    <string name="lib_raisrzftuning2_key_4">0</string>
    <string name="lib_raisrzftuning2_key_3">0</string>
    <string name="lib_lumadls_l4_key">0</string>
    <string name="lib_hdrrangeminus_key">0</string>
    <string name="pref_black_level_key_main">0</string>
    <string name="pref_R_hue_5_key">0</string>
    <string name="lib_contrast_1_ldr_key">0</string>
    <string name="lib_lumanoise_pro_key">0</string>
    <string name="lib_contrast_3b_key">0</string>
    <long name="tooltip_latest_impression_timestamp_for_catshark_toggle_tooltip" value="1644600384993" />
    <string name="pref_has_checked_dual_ev_brightness">0</string>
    <string name="pref_device_key_tele">0</string>
    <string name="lib_sabrelnewn_l4_key">0</string>
    <string name="pref_camera_picturesize_front_key">2880x2156</string>
    <string name="lib_bayernmodhal1_key_5">0</string>
    <string name="lib_chromaa_pro_key">0</string>
    <string name="lib_bayernmodhal1_key_4">0</string>
    <string name="pref_focus_value_key">20.0</string>
    <string name="lib_bayernmodhal1_key_3">0</string>
    <string name="lib_bayernmodhal1_key_2">0</string>
    <string name="lib_tone_pro_key">0</string>
    <string name="lib_volumeprocessing1_key_4">0</string>
    <string name="lib_volumeprocessing1_key_3">0</string>
    <string name="lib_volumeprocessing1_key_2">0</string>
    <string name="lib_hdroverlight_pro_key">0</string>
    <string name="pref_social_app_com_facebook_orca">1</string>
    <string name="lib_lumadhsabre_l1_key">0</string>
    <string name="lib_lumadhsabre_l3a_key">0</string>
    <string name="pref_black_level_key_id5">0</string>
    <string name="pref_black_level_key_id4">0</string>
    <string name="lib_fixraw16merge_pro_key">0</string>
    <string name="pref_micro_mode">1</string>
    <string name="lib_zipper3_key">0</string>
    <string name="lib_raisrzftuning1_key">0</string>
    <string name="lib_noisereductao_pro_key">0</string>
    <string name="lib_skipmetadatacheck_key">0</string>
    <string name="lib_sabrelnewn_l7_key_2">0</string>
    <string name="lib_sabrelnew_l9_pro_key">0</string>
    <string name="lib_sabrelnewn_l7_key_3">0</string>
    <string name="lib_hdrrangeminus_ldr_key">0</string>
    <string name="lib_sabrelnewn_l7_key_4">0</string>
    <string name="lib_lumadl_l1_key">0</string>
    <string name="lib_sabrelnewn_l7_key_5">0</string>
    <string name="lib_sabrelnewn_l9_pro_key">0</string>
    <string name="lib_volumeprocessing1_key_5">0</string>
    <string name="lib_exposure_key">0</string>
    <string name="pref_mf_infinity_key">0.45</string>
    <string name="lib_saturation2_pro_key">0</string>
    <string name="lib_bettercolwiener_key_4">0</string>
    <string name="lib_bettercolwiener_key_3">0</string>
    <string name="lib_bettercolwiener_key_2">0</string>
    <string name="lib_lumadh_l3_key_2">0</string>
    <string name="lib_lumadh_l3_key_3">0</string>
    <string name="lib_sabresharp2_pro_key">0</string>
    <string name="lib_bettercolwiener_key_5">0</string>
    <string name="lib_expocomp_pro_key">0</string>
    <string name="lib_lumadmsabre_l2_key">0</string>
    <string name="lib_lumadnewb_key_3">0</string>
    <string name="lib_lumadnewb_key_2">0</string>
    <string name="lib_lumadnewb_key_5">0</string>
    <string name="lib_sabrelnew_l2_key">0</string>
    <string name="lib_lumadnewb_key_4">0</string>
    <string name="lib_sabrelnewn_l2_key_4">0</string>
    <string name="lib_sabrelnewn_l2_key_3">0</string>
    <string name="lib_lumadhsabre_l1b_key_5">0</string>
    <string name="lib_sabrelnewn_l2_key_5">0</string>
    <string name="lib_sabrburmerge3_key_4">0</string>
    <string name="lib_sabrburmerge3_key_3">0</string>
    <string name="lib_sabrburmerge3_key_2">0</string>
    <string name="lib_sabrelnewn_l2_key_2">0</string>
    <string name="lib_hardjpgquality_pro_key">0</string>
    <string name="lib_sabrburmerge3_key_5">0</string>
    <string name="pref_storage_saver_auto_disable">0</string>
    <string name="lib_lumadlsabre_l4b_key_4">0</string>
    <string name="lib_lumadlsabre_l4b_key_5">0</string>
    <string name="lib_lumadlsabre_l4b_key_2">0</string>
    <string name="lib_lumadlsabre_l4b_key_3">0</string>
    <string name="lib_lumadhsabre_l1b_key_4">0</string>
    <string name="lib_lumadhsabre_l1b_key_3">0</string>
    <string name="lib_lumadhsabre_l1b_key_2">0</string>
    <string name="lib_smoothing2_pro_key">0</string>
    <string name="lib_hardjpgquality_key_4">0</string>
    <string name="lib_fixnoisesabre_pro_key">0</string>
    <string name="lib_hardjpgquality_key_5">0</string>
    <string name="lib_gro_key_5">0</string>
    <string name="lib_lumadls_l2_key">0</string>
    <string name="lib_sabrburmerge2_key_3">0</string>
    <string name="lib_hdreffect_ldr_key">0</string>
    <string name="lib_sabrburmerge2_key_2">0</string>
    <string name="lib_sabrburmerge2_key_5">0</string>
    <string name="lib_sabrburmerge2_key_4">0</string>
    <string name="lib_hardjpgquality_key_2">0</string>
    <string name="lib_sabrelnewn_l3_key_5">0</string>
    <string name="lib_hardjpgquality_key_3">0</string>
    <string name="lib_sabrelnewn_l3_key_4">0</string>
    <string name="lib_sabrelnewn_l3_key_3">0</string>
    <string name="lib_sabrelnewn_l3_key_2">0</string>
    <string name="key_social_share_opt_in">1</string>
    <string name="pref_has_checked_dual_ev_shadow">0</string>
    <string name="lib_lumadm_l5_key_2">0</string>
    <string name="lib_lumadhsabre_l1b_pro_key">0</string>
    <string name="lib_lumadm_l5_key_3">0</string>
    <string name="lib_lumadm_l5_key_4">0</string>
    <string name="lib_lumadm_l5_key_5">0</string>
    <string name="lib_sabrburmerge1_key_5">0</string>
    <string name="lib_sabrburmerge1_key_3">0</string>
    <string name="lib_sabrburmerge1_key_4">0</string>
    <string name="lib_sabrelnewn_l4_key_2">0</string>
    <string name="lib_sabrburmerge1_key_2">0</string>
    <string name="lib_sabrelnewn_l4_key_4">0</string>
    <string name="lib_sabrelnewn_l4_key_3">0</string>
    <string name="lib_lumadlsabre_l2b_pro_key">0</string>
    <string name="lib_spatialdenmi1_pro_key">0</string>
    <string name="lib_lumadmsabre_l1a_key">0</string>
    <string name="pref_mv_key">0</string>
    <string name="lib_sabrelnewn_l4_key_5">0</string>
    <string name="lib_hdrmodel_key">0</string>
    <string name="lib_lumadlsabre_l1b_key">0</string>
    <string name="pref_manual_cameraid_front_4_key">1</string>
    <string name="pref_awb_tele_key">4</string>
    <string name="lib_lumadhsabre_l4a_key_2">0</string>
    <string name="lib_lumadhsabre_l4a_key_3">0</string>
    <string name="lib_lumadhsabre_l4a_key_4">0</string>
    <string name="lib_lumadhsabre_l4a_key_5">0</string>
    <string name="lib_lumadms_l1_key_5">0</string>
    <string name="lib_lumadms_l1_key_4">0</string>
    <string name="lib_lumadms_l1_key_3">0</string>
    <string name="lib_lumadms_l1_key_2">0</string>
    <string name="lib_exposure_darker2_pro_key">0</string>
    <string name="lib_smoothingsabre_pro_key">0</string>
    <string name="pref_exposure_front_option_available_key">+5</string>
    <string name="lib_lumadnewb_key">0</string>
    <string name="user_1_text"></string>
    <string name="lib_contrast_3b_key_5">0</string>
    <string name="lib_chromab_pro_key">0</string>
    <string name="lib_coefsabrtunoise_key">0</string>
    <string name="lib_gro_key_4">0</string>
    <string name="lib_contrast_3b_key_4">0</string>
    <string name="pref_device_key">0</string>
    <string name="lib_gro_key_3">0</string>
    <string name="lib_contrast_3b_key_3">0</string>
    <string name="lib_gro_key_2">0</string>
    <string name="lib_contrast_3b_key_2">0</string>
    <string name="lib_smoothing1_key">0</string>
    <string name="lib_contrast_3b_pro_key">0</string>
    <string name="lib_sabrelnewn_l5_pro_key">0</string>
    <string name="lib_sabrelnew_l9_key_3">0</string>
    <string name="lib_sabrelnew_l9_key_2">0</string>
    <string name="lib_cg10_pro_key">0</string>
    <string name="lib_sabrelnew_l2_key_4">0</string>
    <string name="lib_sabrelnew_l2_key_3">0</string>
    <string name="lib_sabrelnew_l5_pro_key">0</string>
    <string name="lib_sabrelnew_l8_key">0</string>
    <string name="lib_sabrelnew_l2_key_5">0</string>
    <string name="lib_sabrelnew_l2_key_2">0</string>
    <string name="lib_noisereducta2_key">0</string>
    <string name="lib_smoothingsabre_key">0</string>
    <string name="lib_lumadmsabre_l5_key_5">0</string>
    <string name="lib_lumadmsabre_l5_key_4">0</string>
    <string name="lib_lumadmsabre_l5_key_3">0</string>
    <string name="lib_lumadmsabre_l5_key_2">0</string>
    <string name="lib_lumadlsabre_l2_pro_key">0</string>
    <string name="info_manuf_key">Realme</string>
    <string name="lib_lumanoise_key_3">0</string>
    <string name="lib_lumanoise_key_2">0</string>
    <string name="lib_lumanoise_key_5">0</string>
    <string name="lib_sabrelnew_l9_key_5">0</string>
    <string name="lib_lumanoise_key_4">0</string>
    <string name="lib_sabrelnew_l9_key_4">0</string>
    <string name="pref_af_mode_front">0</string>
    <string name="lib_sabrburmerge1_pro_key">0</string>
    <string name="pref_black_level_key_tele">0</string>
    <string name="lib_sabresharp3_key">0</string>
    <string name="lib_lumadhsabre_l4b_key">0</string>
    <string name="lib_shotnoisefactor_key">0</string>
    <string name="lib_lumadl_l5_key">0</string>
    <string name="pref_dbl_key_tele">0</string>
    <string name="lib_lumadms_l4_pro_key">0</string>
    <string name="lib_light_ldr_key">0</string>
    <string name="lib_sharpmacro_key_2">0</string>
    <string name="lib_contrast_2_pro_key">0</string>
    <string name="lib_lumadmsabre_l1b_pro_key">0</string>
    <string name="lib_sharpmacro_key_5">0</string>
    <string name="lib_sharpmacro_key_4">0</string>
    <string name="lib_sharpmacro_key_3">0</string>
    <string name="pref_opmode_key">0</string>
    <string name="lib_tuncolsatpar1_key">0</string>
    <string name="CCT_WB_Offset_2_key">1.0</string>
    <string name="pref_zoom_out_command_string">20</string>
    <string name="pref_social_app_com_snapchat_android">1</string>
    <string name="lib_lightfix2_key_2">0</string>
    <string name="lib_vignettec_key_2">0</string>
    <string name="lib_lightfix2_key_3">0</string>
    <string name="lib_vignettec_key_3">0</string>
    <string name="pref_shutter_key">0</string>
    <string name="lib_lightfix2_key_4">0</string>
    <string name="lib_lightfix2_key_5">0</string>
    <string name="lib_vignettec_key_4">0</string>
    <string name="lib_vignettec_key_5">0</string>
    <string name="lib_lumadms_l3_key_2">0</string>
    <string name="lib_lumadms_l3_key_3">0</string>
    <string name="pref_color_transform_key_front">2</string>
    <string name="pref_enable_camera_key">1</string>
    <string name="lib_spatialdenmi4_key">0</string>
    <string name="pref_track_focus_key">1</string>
    <string name="lib_lumadms_l3_key_4">0</string>
    <string name="lib_lumadms_l3_key_5">0</string>
    <string name="lib_lumadmsabre_l1b_key_2">0</string>
    <string name="lib_lumadmsabre_l1b_key_3">0</string>
    <string name="lib_lumadmsabre_l1b_key_4">0</string>
    <string name="lib_lumadmsabre_l1b_key_5">0</string>
    <string name="lib_savmergchrden_pro_key">0</string>
    <string name="lib_sabrburmerge2_key">0</string>
    <string name="lib_cg10_key_4">0</string>
    <string name="lib_noisemodel_key_5">0</string>
    <string name="lib_lumadms_l4_key_5">0</string>
    <string name="lib_noisemodel_key_4">0</string>
    <string name="lib_cg10_key_5">0</string>
    <string name="lib_tone_key">0</string>
    <string name="lib_cg10_key_2">0</string>
    <string name="lib_noisemodel_key_3">0</string>
    <string name="lib_lumadms_l4_key_3">0</string>
    <string name="lib_noisemodel_key_2">0</string>
    <string name="lib_cg10_key_3">0</string>
    <string name="lib_lumadms_l4_key_4">0</string>
    <string name="lib_lumaa_pro_key">0</string>
    <string name="lib_lumadms_l4_key_2">0</string>
    <string name="blue_key_wide">1.0</string>
    <string name="lib_noisemodelshot_pro_key">0</string>
    <string name="user_4_text"></string>
    <string name="lib_softsharpc_pro_key">0</string>
    <string name="lib_cg2_pro_key">0</string>
    <string name="lib_hardmerge_key_4">0</string>
    <string name="lib_lumadmsabre_l3_key_4">0</string>
    <string name="lib_exposure_darker2_key">0</string>
    <string name="lib_hardmerge_key_5">0</string>
    <string name="lib_lumadmsabre_l3_key_5">0</string>
    <string name="lib_hotpixelsuppres_key">0</string>
    <string name="lib_lumadmsabre_l3_key_2">0</string>
    <string name="lib_lumadmsabre_l3_key_3">0</string>
    <string name="lib_smoothness_pro_key">0</string>
    <string name="lib_lumadls_l1_pro_key">0</string>
    <string name="lib_hardmerge_key_2">0</string>
    <string name="lib_hardmerge_key_3">0</string>
    <string name="pref_mars_enabled">0</string>
    <string name="lib_lumadhsabre_l5_pro_key">0</string>
    <string name="lib_sabrelnew_l6_key">0</string>
    <string name="lib_lumadh_l1_key">0</string>
    <string name="lib_sharpmacro_key">0000C03F</string>
    <string name="lib_lumadlsabre_l1b_key_3">0</string>
    <string name="lib_lumadlsabre_l1b_key_4">0</string>
    <string name="lib_lumadlsabre_l1b_key_2">0</string>
    <string name="pref_img_key">0</string>
    <string name="lib_contrast_2_key">0</string>
    <string name="lib_lumadlsabre_l1b_key_5">0</string>
    <string name="lib_volumeprocessing1_key">0</string>
    <string name="lib_lumadmsabre_l4b_pro_key">0</string>
    <string name="lib_lumadhsabre_l5_key">0</string>
    <string name="red_key_id5">1.0</string>
    <string name="red_key_id4">1.0</string>
    <string name="lib_sabrelnew_l4_key_3">0</string>
    <string name="lib_sabrelnew_l4_key_4">0</string>
    <string name="lib_sabrelnew_l4_key_2">0</string>
    <string name="lib_sabrelnew_l4_key_5">0</string>
    <string name="lib_sabresharp3_key_2">0</string>
    <string name="lib_lumadmsabre_l1_key_4">0</string>
    <string name="lib_lumadmsabre_l1_key_5">0</string>
    <string name="lib_lumadmsabre_l1_key_2">0</string>
    <string name="lib_sabresharp3_key_4">0</string>
    <string name="lib_sabrenoiseart_key_5">0</string>
    <string name="lib_sabresharp3_key_3">0</string>
    <string name="lib_lumadmsabre_l1_key_3">0</string>
    <string name="lib_sabrecontrast_ldr_key">0</string>
    <string name="lib_sabrenoiseart_key_3">0</string>
    <string name="lib_chromab_key">08FEE7D2</string>
    <string name="lib_sabrenoiseart_key_4">0</string>
    <string name="lib_sabresharp3_key_5">0</string>
    <string name="lib_sabrenoiseart_key_2">0</string>
    <string name="lib_sabrelnew_l7_key_2">0</string>
    <string name="lib_sabrelnew_l7_key_3">0</string>
    <string name="lib_sabrelnew_l7_key_4">0</string>
    <string name="lib_sabrelnew_l7_key_5">0</string>
    <string name="lib_lumadmsabre_l4_key_3">0</string>
    <string name="lib_lumadmsabre_l4_key_4">0</string>
    <string name="lib_skipmetadatacheck_key_2">0</string>
    <string name="lib_lumadmsabre_l4_key_5">0</string>
    <string name="lib_blurpreview_key">0</string>
    <string name="lib_skipmetadatacheck_key_4">0</string>
    <string name="lib_skipmetadatacheck_key_3">0</string>
    <string name="pref_social_app_com_facebook_katana">1</string>
    <string name="lib_lumadmsabre_l4_key_2">0</string>
    <string name="lib_skipmetadatacheck_key_5">0</string>
    <string name="lib_sabrenoiseart_key">0</string>
    <string name="lib_vignette_pro_key">0</string>
    <string name="lib_sabre1_key">0</string>
    <string name="lib_tone_key_3">0</string>
    <string name="lib_tone_key_4">0</string>
    <string name="lib_tone_key_5">0</string>
    <string name="lib_lumadhsabre_l5a_pro_key">0</string>
    <string name="pref_color_transform_key_tele">2</string>
    <string name="pref_R_hue_3_key">0</string>
    <string name="lib_lumadhsabre_l1b_key">0</string>
    <string name="lib_sabresharp2_key_5">0</string>
    <string name="pref_model_key_id4">0</string>
    <string name="lib_lumadmsabre_l2_key_2">0</string>
    <string name="lib_sabresharp2_key_4">0</string>
    <string name="lib_sabresharp2_key_3">0</string>
    <string name="lib_lumadmsabre_l2_key_3">0</string>
    <string name="lib_sabresharp2_key_2">0</string>
    <string name="lib_lumadmsabre_l2_key_4">0</string>
    <string name="lib_lumadmsabre_l2_key_5">0</string>
    <string name="lib_tone_key_2">0</string>
    <string name="lib_sabrelnew_l5_key_2">0</string>
    <string name="lib_sabrelnew_l5_key_3">0</string>
    <string name="lib_sabrelnew_l5_key_4">0</string>
    <string name="lib_sabrelnew_l5_key_5">0</string>
    <string name="pref_model_key_id5">0</string>
    <string name="lib_hdreffectint_key_2">0</string>
    <string name="lib_hdreffectint_key_4">0</string>
    <string name="pref_R_hue_main_key">0</string>
    <string name="lib_hdreffectint_key_3">0</string>
    <string name="lib_hdreffectint_key_5">0</string>
    <string name="lib_lumadhsabre_l4b_key_5">0</string>
    <string name="lib_lumadhsabre_l4b_key_4">0</string>
    <string name="lib_exposure_darker_key_2">0</string>
    <string name="lib_lumadhsabre_l4b_key_3">0</string>
    <string name="lib_lumadhsabre_l4b_key_2">0</string>
    <string name="lib_exposure_darker_key_3">0</string>
    <string name="lib_exposure_darker_key_4">0</string>
    <string name="lib_exposure_darker_key_5">0</string>
    <string name="lib_zipper2_pro_key">0</string>
    <string name="lib_fixshastamerge_pro_key">0</string>
    <string name="lib_lumadh_l5_pro_key">0</string>
    <string name="lib_sabrelnew_l6_key_5">0</string>
    <string name="lib_sabrelnew_l6_key_3">0</string>
    <string name="lib_sabrelnew_l6_key_4">0</string>
    <string name="pref_opmode_front_normal_key">0</string>
    <string name="lib_sabrelnew_l6_key_2">0</string>
    <string name="green_key_tele">1.0</string>
    <string name="lib_lumadhsabre_l2a_pro_key">0</string>
    <string name="pref_opmode_night_key">0</string>
</map>
