<?xml version='1.0' encoding='utf-8' standalone='yes' ?>
<map>
    <string name="lib_hdrlow_infinity_key">OFF</string>
    <string name="pref_customCCT1_tele">1</string>
    <string name="pref_customCCT6_infinity">1</string>
    <string name="manual_lower_port_range_infinity">10</string>
    <string name="pref_camera_coach_key">1</string>
    <string name="micro_y_5th_key">480</string>
    <string name="pref_manual_aux_name_1_key">1</string>
    <string name="pref_double_tap_key">zoom</string>
    <string name="manual_lower_range_wide">10</string>
    <string name="lib_sharpdepth1_tele_key">OFF</string>
    <string name="pref_satCCT_G_tele">1</string>
    <string name="lib_spatial_wide_key">OFF</string>
    <string name="pref_G_hue_wide">0</string>
    <string name="lib_manual_override_wide_key"></string>
    <string name="pref_manual_cameraid_back_1_key">0</string>
    <string name="address6_key">0x0</string>
    <string name="pref_ext_mic_key">0</string>
    <string name="lib_manual1_key">OFF</string>
    <string name="pref_customCCT4_wide">1</string>
    <string name="lib_iso_infinity_key">OFF</string>
    <string name="pref_social_app_com_facebook_lite">1</string>
    <string name="lib_red_key">OFF</string>
    <string name="pref_camera_ast_enabled_key">1</string>
    <string name="manual_lower_port_range_wide">10</string>
    <string name="pref_manual_cameraid_front_1_key">1</string>
    <string name="pref_ae_mode_key">0</string>
    <string name="pref_customCCT7_5th">1</string>
    <string name="pref_switch_to_previous_mode_command_string">-1</string>
    <string name="pref_has_checked_cheetah_mode">0</string>
    <string name="micro_x_key">640</string>
    <string name="pref_camera_picturesize_back_key">4000x3000</string>
    <string name="pref_satCCT_R_tele">1</string>
    <string name="pref_mode_vesper_level">0</string>
    <string name="lib_iso_5th_key">OFF</string>
    <string name="manual_higher_port_range_tele">30</string>
    <string name="lib_green_tele_key">OFF</string>
    <string name="pref_config_jpg_key">0</string>
    <string name="lib_hdrup_wide_key">OFF</string>
    <string name="pref_camera_hdrplus_option_available_key">1</string>
    <string name="pref_evcomp_ns_key">0</string>
    <string name="manual_higher_ns_range_wide">30</string>
    <string name="lib_contrast1_key">51B8AE3F</string>
    <string name="manual_lower_ns_range_wide">10</string>
    <string name="pref_B_hue">0</string>
    <string name="pref_B_hue_infinity">0</string>
    <string name="lib_dehaze_tele_key">OFF</string>
    <string name="lib_saturation_infinity_key">OFF</string>
    <string name="lib_hdrhigh_5th_key">OFF</string>
    <string name="manual_higher_ns_range">30</string>
    <string name="lib_contrast2_wide_key">OFF</string>
    <string name="pref_has_seen_permissions_dialogs">1</string>
    <string name="manual_lower_port_range">10</string>
    <string name="pref_exposure_key">1</string>
    <string name="lib_sharpness_key">08FFE7D2</string>
    <string name="manual_higher_range_front">30</string>
    <string name="manual_lower_ns_range_infinity">10</string>
    <string name="pref_customCCT3_5th">1</string>
    <string name="lib_manual5_key">OFF</string>
    <string name="micro_x_tele_key">640</string>
    <string name="lib_hdreffect_tele_key">OFF</string>
    <string name="lib_gamma_infinity_key">OFF</string>
    <string name="lib_manual_override_5th_key"></string>
    <string name="manual_lower_range_5th">10</string>
    <string name="pref_manual_cameraid_back_5_key">5</string>
    <string name="pref_customCCT3_tele">1</string>
    <string name="lib_green_infinity_key">OFF</string>
    <string name="pref_customCCT4_infinity">1</string>
    <string name="pref_manual_aux_name_4_key">4</string>
    <string name="pref_B_hue_wide">0</string>
    <string name="pref_satCCT_B_infinity">1</string>
    <string name="pref_has_checked_social_share">1</string>
    <string name="manual_lower_port_range_front">10</string>
    <string name="pref_camera_resolution">full</string>
    <string name="address2_key">0x0</string>
    <string name="lib_hdreffect_infinity_key">OFF</string>
    <string name="manual_higher_ns_range_infinity">30</string>
    <string name="pref_exposure_max_back_key">5</string>
    <string name="lib_luma_5th_key">OFF</string>
    <string name="pref_manual_cameraid_front_5_key">1</string>
    <string name="pref_camera_selfie_mirror_key">1</string>
    <string name="lib_red_infinity_key">OFF</string>
    <string name="pref_customCCT8_wide">1</string>
    <string name="pref_customCCT2_wide">1</string>
    <string name="lib_sharpdepth2_wide_key">OFF</string>
    <string name="pref_awb_back_main_key">IMX586</string>
    <string name="pref_evcomp_port_key">+1</string>
    <string name="lib_hdrlight_5th_key">OFF</string>
    <string name="pref_af_mode_front">0</string>
    <string name="manual_higher_range_tele">30</string>
    <string name="lib_dehaze_key">88FEE7D2</string>
    <string name="pref_B_hue_5th">0</string>
    <string name="pref_customCCT1">1</string>
    <string name="pref_customCCT2">1</string>
    <string name="micro_x_infinity_key">640</string>
    <string name="pref_customCCT7_tele">1</string>
    <string name="pref_customCCT5">1</string>
    <string name="lib_manual2_key">OFF</string>
    <string name="pref_customCCT6">1</string>
    <string name="pref_customCCT9_wide">1</string>
    <string name="address5_key">0x0</string>
    <string name="pref_customCCT3">1</string>
    <string name="pref_satCCT_G_infinity">1</string>
    <string name="lib_iso_wide_key">OFF</string>
    <string name="pref_customCCT4">1</string>
    <string name="pref_global_hue_wide">0</string>
    <string name="pref_satCCT_B_5th">1</string>
    <string name="lib_hdrhigh_tele_key">OFF</string>
    <string name="lib_saturation_tele_key">OFF</string>
    <string name="pref_has_set_social_share_apps">1</string>
    <string name="pref_customCCT8_5th">1</string>
    <string name="pref_upgrade_version">22</string>
    <long name="tooltip_latest_impression_timestamp_for_micro_tutorial_dismiss" value="1631237823376" />
    <string name="pref_digital_gain_key">1</string>
    <boolean name="autotimer_tutorial_shown" value="true" />
    <string name="lib_gamma_wide_key">OFF</string>
    <string name="pref_R_hue">0</string>
    <string name="pref_customCCT9">1</string>
    <string name="pref_analog_gain_key">1</string>
    <string name="lib_spatial_infinity_key">OFF</string>
    <string name="pref_customCCT7">1</string>
    <string name="perf_has_shown_options_bar">1</string>
    <string name="pref_customCCT8">1</string>
    <string name="config_directory_key">/Gcam/Greatness/Configs8/</string>
    <string name="pref_customCCT6_tele">1</string>
    <string name="pref_manual_cameraid_front_2_key">1</string>
    <string name="pref_evcomp_front_key">0</string>
    <string name="lib_hdreffect_wide_key">OFF</string>
    <string name="pref_evcomp_key">0</string>
    <string name="lib_hdrhigh_wide_key">OFF</string>
    <string name="pref_mode_vesperad_option">0</string>
    <string name="pref_video_fps_4k_key">FPS_30</string>
    <string name="lib_luma_infinity_key">OFF</string>
    <string name="manual_higher_range">30</string>
    <string name="pref_satCCT_B_wide">1</string>
    <string name="micro_y_tele_key">480</string>
    <string name="pref_customCCT8_tele">1</string>
    <string name="micro_x_5th_key">640</string>
    <string name="pref_camera_raw_output_option_available_key">0</string>
    <string name="lib_green_key">OFF</string>
    <string name="lib_gamma_5th_key">OFF</string>
    <string name="pref_has_checked_cuttlefish_mode">1</string>
    <string name="manual_higher_port_range_infinity">30</string>
    <string name="lib_chroma_infinity_key">OFF</string>
    <string name="lib_manual6_key">OFF</string>
    <string name="pref_customCCT4_5th">1</string>
    <string name="pref_camera_single_shot_sound_key">0</string>
    <string name="lib_contrast2_tele_key">OFF</string>
    <string name="manual_lower_port_range_tele">10</string>
    <string name="perf_has_run_first_education">1</string>
    <string name="lib_dehaze_infinity_key">OFF</string>
    <string name="pref_manual_aux_name_5_key">5</string>
    <string name="pref_zoom_out_command_string">-1</string>
    <string name="pref_has_checked_measure_mode">0</string>
    <string name="pref_customCCT1_infinity">1</string>
    <string name="lib_sharpdepth2_key">OFF</string>
    <string name="lib_contrast2_infinity_key">OFF</string>
    <string name="manual_higher_range_infinity">30</string>
    <string name="pref_camera_astro">1</string>
    <string name="micro_y_wide_key">480</string>
    <string name="lib_saturation_key">OFF</string>
    <string name="pref_enable_camera_key">1</string>
    <string name="pref_manual_cameraid_back_4_key">4</string>
    <int name="tooltip_impression_count_for_catshark_toggle_tooltip" value="4" />
    <string name="lib_chroma_key">OFF</string>
    <string name="pref_global_hue_5th">0</string>
    <string name="address1_key">0x0</string>
    <string name="pref_satCCT_infinity">1</string>
    <string name="lib_iso_tele_key">OFF</string>
    <string name="lib_hdrlow_5th_key">OFF</string>
    <string name="lib_sharpdepth1_5th_key">OFF</string>
    <string name="manual_higher_port_range_5th">30</string>
    <string name="pref_R_hue_tele">0</string>
    <string name="pref_satCCT_G_5th">1</string>
    <long name="tooltip_latest_impression_timestamp_for_catshark_toggle_tooltip" value="1631255885764" />
    <string name="pref_customCCT8_infinity">1</string>
    <string name="pref_audio_zoom_key">1</string>
    <string name="pref_af_mode_back">0</string>
    <string name="lib_hdrlight_infinity_key">OFF</string>
    <string name="pref_zoom_in_command_string">-1</string>
    <string name="pref_has_checked_dual_ev_brightness">0</string>
    <string name="pref_customCCT9_5th">1</string>
    <string name="pref_has_shown_longp_education">0</string>
    <string name="pref_camera_picturesize_front_key">4224x3136</string>
    <string name="manual_higher_port_range_front">30</string>
    <string name="pref_manual_cameraid_front_3_key">1</string>
    <string name="pref_customCCT3_wide">1</string>
    <string name="pref_camera_grid_lines_mode">0</string>
    <string name="manual_higher_range_wide">30</string>
    <string name="pref_imax_audio_enabled_key">0</string>
    <string name="pref_global_hue">0</string>
    <string name="manual_higher_port_range_wide">30</string>
    <string name="manual_lower_range_tele">10</string>
    <string name="lib_red_5th_key">OFF</string>
    <string name="lib_manual_override_tele_key"></string>
    <string name="pref_social_app_com_facebook_orca">1</string>
    <string name="pref_evcomp_ns_front_key">0</string>
    <string name="lib_sharpdepth2_tele_key">OFF</string>
    <string name="lib_dehaze_wide_key">OFF</string>
    <string name="lib_denoise_infinity_key">OFF</string>
    <string name="pref_lib_enable_key">1</string>
    <string name="pref_R_hue_wide">0</string>
    <string name="lib_sharpdepth1_key">OFF</string>
    <string name="pref_customCCT5_infinity">1</string>
    <string name="manual_lower_ns_range_front">10</string>
    <string name="pref_customCCT2_tele">1</string>
    <string name="manual_higher_port_range">30</string>
    <string name="pref_exposure_max_front_key">5</string>
    <string name="lib_manual3_key">OFF</string>
    <string name="pref_camera_enable_iris">1</string>
    <string name="pref_micro_mode">1</string>
    <string name="pref_has_checked_ornament_mode">0</string>
    <string name="address4_key">0x0</string>
    <string name="manual_lower_range">10</string>
    <string name="pref_release_dialog_last_shown_version"></string>
    <string name="lib_sharpness_5th_key">OFF</string>
    <string name="lib_hdreffect_5th_key">OFF</string>
    <string name="lib_hdrhigh_key">OFF</string>
    <string name="pref_mars_enabled">0</string>
    <string name="pref_satCCT_G">1</string>
    <string name="pref_customCCT5_5th">1</string>
    <string name="pref_volume_key_action">shutter</string>
    <string name="pref_satCCT_R">1</string>
    <string name="pref_link_first_time_chip_click_ms">0</string>
    <string name="pref_config_nickname_key">GcamTheBoss</string>
    <int name="tooltip_impression_count_for_micro_tutorial_dismiss" value="1" />
    <string name="pref_customCCT9_tele">1</string>
    <string name="pref_customCCT7_infinity">1</string>
    <string name="pref_video_fps_front_key">FPS_30</string>
    <string name="lib_green_5th_key">OFF</string>
    <string name="pref_satCCT_G_wide">1</string>
    <string name="pref_satCCT_B">1</string>
    <string name="pref_global_hue_infinity">0</string>
    <long name="tooltip_latest_impression_timestamp_for_cuttlefish_steady_advice" value="1631255834143" />
    <string name="micro_y_key">480</string>
    <string name="lib_spatial_tele_key">OFF</string>
    <string name="pref_satCCT">1</string>
    <string name="micro_x_wide_key">640</string>
    <string name="lib_hdrup_tele_key">OFF</string>
    <string name="lib_hdreffect_key">OFF</string>
    <string name="lib_green_wide_key">OFF</string>
    <string name="pref_B_hue_tele">0</string>
    <string name="pref_customCCT2_infinity">1</string>
    <set name="pref_list_front_camera_key">
        <string>1</string>
    </set>
    <string name="pref_satCCT_B_tele">1</string>
    <string name="pref_satCCT_tele">1</string>
    <string name="lib_spatial_key">OFF</string>
    <string name="lib_saturation_wide_key">OFF</string>
    <string name="lib_hdrlow_key">OFF</string>
    <string name="pref_customCCT1_5th">1</string>
    <string name="pref_manual_cameraid_back_3_key">3</string>
    <string name="manual_higher_ns_range_front">30</string>
    <string name="manual_higher_ns_range_tele">30</string>
    <string name="pref_camera_hdr_plus_key">on</string>
    <string name="lib_hdrup_infinity_key">OFF</string>
    <string name="pref_customCCT5_wide">1</string>
    <string name="manual_lower_range_front">10</string>
    <string name="manual_higher_ns_range_5th">30</string>
    <string name="pref_evcomp_port_front_key">0</string>
    <string name="pref_manual_aux_name_2_key">2</string>
    <string name="pref_awb_front_main_key">PIXEL_5</string>
    <string name="pref_G_hue_tele">0</string>
    <int name="tooltip_impression_count_for_cuttlefish_steady_advice" value="1" />
    <string name="pref_customCCT9_infinity">1</string>
    <string name="lib_sharpness_infinity_key">OFF</string>
    <string name="lib_denoise_tele_key">OFF</string>
    <string name="pref_customCCT3_infinity">1</string>
    <string name="pref_manual_cameraid_back_2_key">2</string>
    <string name="lib_chroma_tele_key">OFF</string>
    <set name="pref_list_camera_key">
        <string>0</string>
        <string>22</string>
        <string>1</string>
        <string>20</string>
        <string>21</string>
    </set>
    <string name="pref_has_checked_tiara_mode">0</string>
    <string name="lib_luma_key">OFF</string>
    <string name="lib_luma_tele_key">OFF</string>
    <string name="lib_sharpdepth2_infinity_key">OFF</string>
    <string name="lib_luma_wide_key">OFF</string>
    <string name="manual_lower_ns_range_5th">10</string>
    <string name="lib_denoise_5th_key">OFF</string>
    <string name="pref_list_front_focal_length_key"></string>
    <string name="address3_key">0x0</string>
    <string name="lib_hdrlow_tele_key">OFF</string>
    <string name="lib_denoise_wide_key">OFF</string>
    <string name="lib_contrast2_5th_key">OFF</string>
    <string name="pref_show_moon_button_key">1</string>
    <string name="pref_aemode_front_key">0</string>
    <string name="lib_contrast1_infinity_key">OFF</string>
    <string name="lib_dehaze_5th_key">OFF</string>
    <string name="pref_storage_saver_auto_disable">0</string>
    <string name="pref_video_fps_p2018_key">FPS_AUTO</string>
    <string name="lib_manual_override_key"></string>
    <string name="lib_gamma_tele_key">OFF</string>
    <string name="lib_chroma_wide_key">OFF</string>
    <string name="pref_R_hue_5th">0</string>
    <string name="pref_camera_raw_output_key">0</string>
    <string name="lib_contrast1_tele_key">OFF</string>
    <string name="lib_hdrlow_wide_key">OFF</string>
    <string name="lib_manual_override_infinity_key"></string>
    <string name="lib_manual4_key">OFF</string>
    <string name="pref_satCCT_R_5th">1</string>
    <string name="pref_global_hue_tele">0</string>
    <string name="pref_customCCT5_tele">1</string>
    <string name="pref_video_hevc_setting_key">1</string>
    <string name="pref_switch_camera_command_string">-1</string>
    <string name="pref_has_checked_photosphere_mode">0</string>
    <string name="pref_camera_sounds_key">1</string>
    <string name="lib_contrast1_5th_key">OFF</string>
    <string name="pref_switch_to_next_mode_command_string">-1</string>
    <long name="tooltip_latest_impression_timestamp_for_Astro_smarts_chip" value="1631238044552" />
    <string name="lib_red_wide_key">OFF</string>
    <string name="custom_cct_on_key">0</string>
    <string name="pref_social_app_com_instagram_android">1</string>
    <string name="manual_lower_ns_range_tele">10</string>
    <string name="pref_customCCT6_5th">1</string>
    <string name="lib_saturation_5th_key">OFF</string>
    <string name="lib_hdrlight_tele_key">OFF</string>
    <string name="manual_lower_port_range_5th">10</string>
    <string name="pref_G_hue_infinity">0</string>
    <string name="pref_video_fps_cm_key">FPS_30</string>
    <string name="pref_custom_libs_key">0</string>
    <string name="lib_iso_key">0000CC42</string>
    <string name="pref_G_hue">0</string>
    <set name="pref_list_back_camera_key">
        <string>0</string>
        <string>20</string>
        <string>21</string>
    </set>
    <string name="lib_spatial_5th_key">OFF</string>
    <string name="pref_satCCT_wide">1</string>
    <string name="lib_sharpdepth2_5th_key">OFF</string>
    <string name="pref_custom_hdr_model">coral</string>
    <string name="lib_chroma_5th_key">OFF</string>
    <string name="pref_customCCT4_tele">1</string>
    <string name="lib_denoise_key">C8FEE7D2</string>
    <string name="pref_show_buttons_key">0</string>
    <string name="pref_G_hue_5th">0</string>
    <string name="pref_customCCT6_wide">1</string>
    <string name="pref_aemode_back_key">0</string>
    <string name="lib_sharpness_tele_key">OFF</string>
    <string name="pref_satCCT_R_wide">1</string>
    <string name="lib_sharpness_wide_key">OFF</string>
    <string name="lib_sharpdepth1_infinity_key">OFF</string>
    <string name="lib_hdrup_key">OFF</string>
    <string name="micro_y_infinity_key">480</string>
    <string name="pref_googleawb_key">on</string>
    <string name="pref_satCCT_R_infinity">1</string>
    <int name="tooltip_impression_count_for_Astro_smarts_chip" value="3" />
    <string name="key_social_share_opt_in">1</string>
    <string name="perf_has_run_second_education">0</string>
    <string name="pref_list_back_focal_length_key"></string>
    <string name="pref_customCCT1_wide">1</string>
    <string name="key_ff_opt_in">0</string>
    <string name="pref_has_checked_dual_ev_shadow">0</string>
    <string name="lib_gamma_key">OFF</string>
    <string name="manual_lower_range_infinity">10</string>
    <string name="lib_hdrlight_key">OFF</string>
    <string name="pref_customCCT7_wide">1</string>
    <string name="pref_customCCT2_5th">1</string>
    <string name="pref_custom_interface_model">crosshatch</string>
    <string name="pref_R_hue_infinity">0</string>
    <string name="pref_satCCT_5th">1</string>
    <string name="pref_frames_key">25</string>
    <string name="pref_has_checked_lens_mode">0</string>
    <string name="manual_higher_range_5th">30</string>
    <string name="lib_red_tele_key">OFF</string>
    <string name="lib_sharpdepth1_wide_key">OFF</string>
    <string name="pref_manual_aux_name_3_key">3</string>
    <string name="pref_camera_dirty_lens_history_key0">-5.5499244|-4.645962|-7.202248|-7.0013723|-4.469725|-7.972948|-7.9132924|-6.170052|-5.7831106|-8.71509|-1.0007666|</string>
    <string name="pref_camera_dirty_lens_history_key1">-3.2549539|</string>
    <string name="lib_hdrhigh_infinity_key">OFF</string>
    <string name="lib_hdrup_5th_key">OFF</string>
    <string name="manual_lower_ns_range">10</string>
    <string name="lib_contrast2_key">OFF</string>
    <string name="pref_shutter_command_string">-1</string>
    <string name="lib_hdrlight_wide_key">OFF</string>
    <string name="pref_video_resolution">RES_1080P</string>
    <string name="lib_contrast1_wide_key">OFF</string>
    <string name="pref_has_checked_gouda_mode">1</string>
    <string name="pref_camera_advice_settings">1</string>
    <string name="pref_manual_cameraid_front_4_key">1</string>
</map>
